Workbook

Sheet DMS data
A1: Dataset_Num | B1: Dataset_ID | C1: DS_comment | D1: DS_instrument_name_ID | E1: DS_storage_path_ID | F1: DS_rating | G1: Acq_Time_Start | H1: Acq_Time_End | I1: Acq_Length_Minutes | J1: IN_name | K1: StoragePath | L1: shortname | M1: bsm Idfrom Sujay's GOLD json | N1: NCBI IDs linked to dataset name | O1: NCBI IDs linked to sample short name | P1: GOLD bioproject | Q1: nmdc biosample id | R1: anc comments
A2: EMP_Feces_song_51_s005_a03_M_133 | B2: 698859 | D2: 94 | E2: 2856 | F2: 5 | G2: 43357.989 | H2: 43358.015 | I2: 37 | J2: Agilent_GC_MS_02 | K2: \\proto-4\Agilent_GC_MS_02\2018_3\EMP_Feces_song_51_s005_a03_M_133\ | L2: =IF(LEFT(A2,10)="EMP_Feces_",MID(A2,11,FIND("a0",A2,1)-12),"None") -> song_51_s005 | M2: =IF(NOT(L2="None"),VLOOKUP(L2,'GOLD Name splitout'!$A$1:$B$458,2,FALSE),"None") -> nmdc:bsm-11-040pda34 | N2: =VLOOKUP(A2,DMSNameNCBIIDXNLExtract!$A$2:$B$318,2,FALSE) -> SAMEA7723514 | O2: =VLOOKUP(L2,DMSNameNCBIIDXNLExtract!$E$2:$G$1025,2,FALSE) -> SAMEA7723514 | P2: =VLOOKUP(O2,'anc gold to biosample'!$A$2:$B$1025,2,FALSE) -> Gb0315872 | Q2: =VLOOKUP(P2,'anc nmdc ncbi gold'!$A$2:$C$818,2,FALSE) -> nmdc:bsm-11-040pda34 | R2: some nmdc biosample ids subject to change, update 'anc nmdc ncbi gold' before using for prod work
A3: EMP_Feces_bittleston_68_s014_a02_M_356 | B3: 700401 | D3: 94 | E3: 2856 | F3: 5 | G3: 43369.119 | H3: 43369.145 | I3: 37 | J3: Agilent_GC_MS_02 | K3: \\proto-4\Agilent_GC_MS_02\2018_3\EMP_Feces_bittleston_68_s014_a02_M_356\ | L3: =IF(LEFT(A3,10)="EMP_Feces_",MID(A3,11,FIND("a0",A3,1)-12),"None") -> bittleston_68_s014 | M3: =IF(NOT(L3="None"),VLOOKUP(L3,'GOLD Name splitout'!$A$1:$B$458,2,FALSE),"None") -> nmdc:bsm-11-04z8tj85 | N3: =VLOOKUP(A3,DMSNameNCBIIDXNLExtract!$A$2:$B$318,2,FALSE) -> #N/A | O3: =VLOOKUP(L3,DMSNameNCBIIDXNLExtract!$E$2:$G$1025,2,FALSE) -> SAMEA7723870 | P3: =VLOOKUP(O3,'anc gold to biosample'!$A$2:$B$1025,2,FALSE) -> Gb0315739 | Q3: =VLOOKUP(P3,'anc nmdc ncbi gold'!$A$2:$C$818,2,FALSE) -> nmdc:bsm-11-04z8tj85 | R3: some nmdc biosample ids subject to change, update 'anc nmdc ncbi gold' before using for prod work
A4: EMP_Sdf_JP1_18_071_GC | B4: 700691 | C4: ; Auto-switched invalid dataset type from GC to default: GC-MS | D4: 94 | E4: 2856 | F4: 5 | G4: 43370.653 | H4: 43370.679 | I4: 37 | J4: Agilent_GC_MS_02 | K4: \\proto-4\Agilent_GC_MS_02\2018_3\EMP_Sdf_JP1_18_071_GC\ | L4: =IF(LEFT(A4,10)="EMP_Feces_",MID(A4,11,FIND("a0",A4,1)-12),"None") -> None | M4: =IF(NOT(L4="None"),VLOOKUP(L4,'GOLD Name splitout'!$A$1:$B$458,2,FALSE),"None") -> None | N4: =VLOOKUP(A4,DMSNameNCBIIDXNLExtract!$A$2:$B$318,2,FALSE) -> SAMEA7724288 | O4: =N4 -> SAMEA7724288 | P4: =VLOOKUP(O4,'anc gold to biosample'!$A$2:$B$1025,2,FALSE) -> Gb0239938 | Q4: =VLOOKUP(P4,'anc nmdc ncbi gold'!$A$2:$C$818,2,FALSE) -> nmdc:bsm-11-06pa9m89 | R4: some nmdc biosample ids subject to change, update 'anc nmdc ncbi gold' before using for prod work
A5: EMP_Feces_king_27_s018_a03_M_222 | B5: 699486 | D5: 94 | E5: 2856 | F5: 5 | G5: 43362.907 | H5: 43362.933 | I5: 37 | J5: Agilent_GC_MS_02 | K5: \\proto-4\Agilent_GC_MS_02\2018_3\EMP_Feces_king_27_s018_a03_M_222\ | L5: =IF(LEFT(A5,10)="EMP_Feces_",MID(A5,11,FIND("a0",A5,1)-12),"None") -> king_27_s018 | M5: =IF(NOT(L5="None"),VLOOKUP(L5,'GOLD Name splitout'!$A$1:$B$458,2,FALSE),"None") -> #N/A | N5: =VLOOKUP(A5,DMSNameNCBIIDXNLExtract!$A$2:$B$318,2,FALSE) -> SAMEA7723435 | O5: =VLOOKUP(L5,DMSNameNCBIIDXNLExtract!$E$2:$G$1025,2,FALSE) -> SAMEA7723435 | P5: =VLOOKUP(O5,'anc gold to biosample'!$A$2:$B$1025,2,FALSE) -> Gb0240128 | Q5: =VLOOKUP(P5,'anc nmdc ncbi gold'!$A$2:$C$818,2,FALSE) -> nmdc:bsm-11-08fpzx54 | R5: some nmdc biosample ids subject to change, update 'anc nmdc ncbi gold' before using for prod work
A6: EMP_Feces_mayer_34_s002_a03_M_081 | B6: 698509 | D6: 94 | E6: 2856 | F6: 5 | G6: 43356.215 | H6: 43356.241 | I6: 37 | J6: Agilent_GC_MS_02 | K6: \\proto-4\Agilent_GC_MS_02\2018_3\EMP_Feces_mayer_34_s002_a03_M_081\ | L6: =IF(LEFT(A6,10)="EMP_Feces_",MID(A6,11,FIND("a0",A6,1)-12),"None") -> mayer_34_s002 | M6: =IF(NOT(L6="None"),VLOOKUP(L6,'GOLD Name splitout'!$A$1:$B$458,2,FALSE),"None") -> nmdc:bsm-11-097t3b49 | N6: =VLOOKUP(A6,DMSNameNCBIIDXNLExtract!$A$2:$B$318,2,FALSE) -> SAMEA7723441 | O6: =VLOOKUP(L6,DMSNameNCBIIDXNLExtract!$E$2:$G$1025,2,FALSE) -> SAMEA7723441 | P6: =VLOOKUP(O6,'anc gold to biosample'!$A$2:$B$1025,2,FALSE) -> Gb0315756 | Q6: =VLOOKUP(P6,'anc nmdc ncbi gold'!$A$2:$C$818,2,FALSE) -> nmdc:bsm-11-097t3b49 | R6: some nmdc biosample ids subject to change, update 'anc nmdc ncbi gold' before using for prod work
A7: EMP_Feces_girguis_50_s007_a03_M_123 | B7: 698820 | D7: 94 | E7: 2856 | F7: 5 | G7: 43357.575 | H7: 43357.601 | I7: 37 | J7: Agilent_GC_MS_02 | K7: \\proto-4\Agilent_GC_MS_02\2018_3\EMP_Feces_girguis_50_s007_a03_M_123\ | L7: =IF(LEFT(A7,10)="EMP_Feces_",MID(A7,11,FIND("a0",A7,1)-12),"None") -> girguis_50_s007 | M7: =IF(NOT(L7="None"),VLOOKUP(L7,'GOLD Name splitout'!$A$1:$B$458,2,FALSE),"None") -> nmdc:bsm-11-0g4d7n95 | N7: =VLOOKUP(A7,DMSNameNCBIIDXNLExtract!$A$2:$B$318,2,FALSE) -> SAMEA7723413 | O7: =VLOOKUP(L7,DMSNameNCBIIDXNLExtract!$E$2:$G$1025,2,FALSE) -> SAMEA7723413 | P7: =VLOOKUP(O7,'anc gold to biosample'!$A$2:$B$1025,2,FALSE) -> Gb0315861 | Q7: =VLOOKUP(P7,'anc nmdc ncbi gold'!$A$2:$C$818,2,FALSE) -> nmdc:bsm-11-0g4d7n95 | R7: some nmdc biosample ids subject to change, update 'anc nmdc ncbi gold' before using for prod work
A8: EMP_Feces_song_53_s009_a03_M_172 | B8: 699186 | D8: 94 | E8: 2856 | F8: 5 | G8: 43361.193 | H8: 43361.219 | I8: 37 | J8: Agilent_GC_MS_02 | K8: \\proto-4\Agilent_GC_MS_02\2018_3\EMP_Feces_song_53_s009_a03_M_172\ | L8: =IF(LEFT(A8,10)="EMP_Feces_",MID(A8,11,FIND("a0",A8,1)-12),"None") -> song_53_s009 | M8: =IF(NOT(L8="None"),VLOOKUP(L8,'GOLD Name splitout'!$A$1:$B$458,2,FALSE),"None") -> nmdc:bsm-11-0q0ytn25 | N8: =VLOOKUP(A8,DMSNameNCBIIDXNLExtract!$A$2:$B$318,2,FALSE) -> SAMEA7723534 | O8: =VLOOKUP(L8,DMSNameNCBIIDXNLExtract!$E$2:$G$1025,2,FALSE) -> SAMEA7723534 | P8: =VLOOKUP(O8,'anc gold to biosample'!$A$2:$B$1025,2,FALSE) -> Gb0315892 | Q8: =VLOOKUP(P8,'anc nmdc ncbi gold'!$A$2:$C$818,2,FALSE) -> nmdc:bsm-11-0q0ytn25 | R8: some nmdc biosample ids subject to change, update 'anc nmdc ncbi gold' before using for prod work
A9: EMP_Feces_mousseau_88_s001_a02_M_285 | B9: 699741 | D9: 94 | E9: 2856 | F9: 5 | G9: 43365.007 | H9: 43365.033 | I9: 37 | J9: Agilent_GC_MS_02 | K9: \\proto-4\Agilent_GC_MS_02\2018_3\EMP_Feces_mousseau_88_s001_a02_M_285\ | L9: =IF(LEFT(A9,10)="EMP_Feces_",MID(A9,11,FIND("a0",A9,1)-12),"None") -> mousseau_88_s001 | M9: =IF(NOT(L9="None"),VLOOKUP(L9,'GOLD Name splitout'!$A$1:$B$458,2,FALSE),"None") -> nmdc:bsm-11-0t4hha86 | N9: =VLOOKUP(A9,DMSNameNCBIIDXNLExtract!$A$2:$B$318,2,FALSE) -> SAMEA7723617 | O9: =VLOOKUP(L9,DMSNameNCBIIDXNLExtract!$E$2:$G$1025,2,FALSE) -> SAMEA7723617 | P9: =VLOOKUP(O9,'anc gold to biosample'!$A$2:$B$1025,2,FALSE) -> Gb0315898 | Q9: =VLOOKUP(P9,'anc nmdc ncbi gold'!$A$2:$C$818,2,FALSE) -> nmdc:bsm-11-0t4hha86 | R9: some nmdc biosample ids subject to change, update 'anc nmdc ncbi gold' before using for prod work
A10: EMP_Feces_pinto_63_s003_a03_M_330 | B10: 700337 | D10: 94 | E10: 2856 | F10: 5 | G10: 43368.263 | H10: 43368.289 | I10: 37 | J10: Agilent_GC_MS_02 | K10: \\proto-4\Agilent_GC_MS_02\2018_3\EMP_Feces_pinto_63_s003_a03_M_330\ | L10: =IF(LEFT(A10,10)="EMP_Feces_",MID(A10,11,FIND("a0",A10,1)-12),"None") -> pinto_63_s003 | M10: =IF(NOT(L10="None"),VLOOKUP(L10,'GOLD Name splitout'!$A$1:$B$458,2,FALSE),"None") -> nmdc:bsm-11-0ve03274 | N10: =VLOOKUP(A10,DMSNameNCBIIDXNLExtract!$A$2:$B$318,2,FALSE) -> SAMEA7723461 | O10: =VLOOKUP(L10,DMSNameNCBIIDXNLExtract!$E$2:$G$1025,2,FALSE) -> SAMEA7723461 | P10: =VLOOKUP(O10,'anc gold to biosample'!$A$2:$B$1025,2,FALSE) -> Gb0315669 | Q10: =VLOOKUP(P10,'anc nmdc ncbi gold'!$A$2:$C$818,2,FALSE) -> nmdc:bsm-11-0ve03274 | R10: some nmdc biosample ids subject to change, update 'anc nmdc ncbi gold' before using for prod work
A11: EMP_Feces_berry_2_s012_a03_M_095 | B11: 698751 | D11: 94 | E11: 2856 | F11: 5 | G11: 43356.747 | H11: 43356.773 | I11: 37 | J11: Agilent_GC_MS_02 | K11: \\proto-4\Agilent_GC_MS_02\2018_3\EMP_Feces_berry_2_s012_a03_M_095\ | L11: =IF(LEFT(A11,10)="EMP_Feces_",MID(A11,11,FIND("a0",A11,1)-12),"None") -> berry_2_s012 | M11: =IF(NOT(L11="None"),VLOOKUP(L11,'GOLD Name splitout'!$A$1:$B$458,2,FALSE),"None") -> nmdc:bsm-11-1026rp71 | N11: =VLOOKUP(A11,DMSNameNCBIIDXNLExtract!$A$2:$B$318,2,FALSE) -> #N/A | O11: =VLOOKUP(L11,DMSNameNCBIIDXNLExtract!$E$2:$G$1025,2,FALSE) -> SAMEA7723853 | P11: =VLOOKUP(O11,'anc gold to biosample'!$A$2:$B$1025,2,FALSE) -> Gb0315770 | Q11: =VLOOKUP(P11,'anc nmdc ncbi gold'!$A$2:$C$818,2,FALSE) -> nmdc:bsm-11-1026rp71 | R11: some nmdc biosample ids subject to change, update 'anc nmdc ncbi gold' before using for prod work
A12: EMP_McR3_5_007_GC | B12: 698245 | C12: ; Auto-switched invalid dataset type from GC to default: GC-MS | D12: 94 | E12: 2856 | F12: 5 | G12: 43353.816 | H12: 43353.842 | I12: 37 | J12: Agilent_GC_MS_02 | K12: \\proto-4\Agilent_GC_MS_02\2018_3\EMP_McR3_5_007_GC\ | L12: McR3_5 | M12: =IF(NOT(L12="None"),VLOOKUP(L12,'GOLD Name splitout'!$A$1:$B$458,2,FALSE),"None") -> nmdc:bsm-11-1109f777 | N12: =VLOOKUP(A12,DMSNameNCBIIDXNLExtract!$A$2:$B$318,2,FALSE) -> SAMEA7724111 | O12: =VLOOKUP(L12,DMSNameNCBIIDXNLExtract!$E$2:$G$1025,2,FALSE) -> SAMEA7724111 | P12: =VLOOKUP(O12,'anc gold to biosample'!$A$2:$B$1025,2,FALSE) -> Gb0239957 | Q12: =VLOOKUP(P12,'anc nmdc ncbi gold'!$A$2:$C$818,2,FALSE) -> nmdc:bsm-11-1109f777 | R12: some nmdc biosample ids subject to change, update 'anc nmdc ncbi gold' before using for prod work
A13: EMP_Myr_11_NRCS0221_033_GC | B13: 700436 | C13: ; Auto-switched invalid dataset type from GC to default: GC-MS | D13: 94 | E13: 2856 | F13: 5 | G13: 43369.385 | H13: 43369.411 | I13: 37 | J13: Agilent_GC_MS_02 | K13: \\proto-4\Agilent_GC_MS_02\2018_3\EMP_Myr_11_NRCS0221_033_GC\ | L13: =MID(A13,5,15) -> Myr_11_NRCS0221 | M13: =IF(NOT(L13="None"),VLOOKUP(L13,'GOLD Name splitout'!$A$1:$B$458,2,FALSE),"None") -> #N/A | N13: =VLOOKUP(A13,DMSNameNCBIIDXNLExtract!$A$2:$B$318,2,FALSE) -> SAMEA7724217 | O13: =N13 -> SAMEA7724217 | P13: =VLOOKUP(O13,'anc gold to biosample'!$A$2:$B$1025,2,FALSE) -> Gb0240094 | Q13: =VLOOKUP(P13,'anc nmdc ncbi gold'!$A$2:$C$818,2,FALSE) -> nmdc:bsm-11-1302r041 | R13: some nmdc biosample ids subject to change, update 'anc nmdc ncbi gold' before using for prod work
A14: EMP_Feces_rohwer_84_s005_a03_M_270 | B14: 699694 | D14: 94 | E14: 2856 | F14: 5 | G14: 43364.445 | H14: 43364.471 | I14: 37 | J14: Agilent_GC_MS_02 | K14: \\proto-4\Agilent_GC_MS_02\2018_3\EMP_Feces_rohwer_84_s005_a03_M_270\ | L14: =IF(LEFT(A14,10)="EMP_Feces_",MID(A14,11,FIND("a0",A14,1)-12),"None") -> rohwer_84_s005 | M14: =IF(NOT(L14="None"),VLOOKUP(L14,'GOLD Name splitout'!$A$1:$B$458,2,FALSE),"None") -> #N/A | N14: =VLOOKUP(A14,DMSNameNCBIIDXNLExtract!$A$2:$B$318,2,FALSE) -> #N/A | O14: =VLOOKUP(L14,DMSNameNCBIIDXNLExtract!$E$2:$G$1025,2,FALSE) -> SAMEA7723948 | P14: =VLOOKUP(O14,'anc gold to biosample'!$A$2:$B$1025,2,FALSE) -> Gb0239931 | Q14: =VLOOKUP(P14,'anc nmdc ncbi gold'!$A$2:$C$818,2,FALSE) -> nmdc:bsm-11-197ez411 | R14: some nmdc biosample ids subject to change, update 'anc nmdc ncbi gold' before using for prod work
A15: EMP_Feces_minich_76_s006_a03_M_266 | B15: 699688 | D15: 94 | E15: 2856 | F15: 5 | G15: 43364.326 | H15: 43364.352 | I15: 37 | J15: Agilent_GC_MS_02 | K15: \\proto-4\Agilent_GC_MS_02\2018_3\EMP_Feces_minich_76_s006_a03_M_266\ | L15: =IF(LEFT(A15,10)="EMP_Feces_",MID(A15,11,FIND("a0",A15,1)-12),"None") -> minich_76_s006 | M15: =IF(NOT(L15="None"),VLOOKUP(L15,'GOLD Name splitout'!$A$1:$B$458,2,FALSE),"None") -> nmdc:bsm-11-1b0wkq73 | N15: =VLOOKUP(A15,DMSNameNCBIIDXNLExtract!$A$2:$B$318,2,FALSE) -> #N/A | O15: =VLOOKUP(L15,DMSNameNCBIIDXNLExtract!$E$2:$G$1025,2,FALSE) -> SAMEA7723928 | P15: =VLOOKUP(O15,'anc gold to biosample'!$A$2:$B$1025,2,FALSE) -> Gb0315959 | Q15: =VLOOKUP(P15,'anc nmdc ncbi gold'!$A$2:$C$818,2,FALSE) -> nmdc:bsm-11-1b0wkq73 | R15: some nmdc biosample ids subject to change, update 'anc nmdc ncbi gold' before using for prod work
A16: EMP_Feces_song_52_s010_a03_M_158 | B16: 699161 | D16: 94 | E16: 2856 | F16: 5 | G16: 43360.779 | H16: 43360.805 | I16: 37 | J16: Agilent_GC_MS_02 | K16: \\proto-4\Agilent_GC_MS_02\2018_3\EMP_Feces_song_52_s010_a03_M_158\ | L16: =IF(LEFT(A16,10)="EMP_Feces_",MID(A16,11,FIND("a0",A16,1)-12),"None") -> song_52_s010 | M16: =IF(NOT(L16="None"),VLOOKUP(L16,'GOLD Name splitout'!$A$1:$B$458,2,FALSE),"None") -> nmdc:bsm-11-1j6kvc24 | N16: =VLOOKUP(A16,DMSNameNCBIIDXNLExtract!$A$2:$B$318,2,FALSE) -> SAMEA7723524 | O16: =VLOOKUP(L16,DMSNameNCBIIDXNLExtract!$E$2:$G$1025,2,FALSE) -> SAMEA7723524 | P16: =VLOOKUP(O16,'anc gold to biosample'!$A$2:$B$1025,2,FALSE) -> Gb0315882 | Q16: =VLOOKUP(P16,'anc nmdc ncbi gold'!$A$2:$C$818,2,FALSE) -> nmdc:bsm-11-1j6kvc24 | R16: some nmdc biosample ids subject to change, update 'anc nmdc ncbi gold' before using for prod work
A17: EMP_Feces_berry_2_s005_a03_M_093 | B17: 698740 | D17: 94 | E17: 2856 | F17: 5 | G17: 43356.569 | H17: 43356.595 | I17: 37 | J17: Agilent_GC_MS_02 | K17: \\proto-4\Agilent_GC_MS_02\2018_3\EMP_Feces_berry_2_s005_a03_M_093\ | L17: =IF(LEFT(A17,10)="EMP_Feces_",MID(A17,11,FIND("a0",A17,1)-12),"None") -> berry_2_s005 | M17: =IF(NOT(L17="None"),VLOOKUP(L17,'GOLD Name splitout'!$A$1:$B$458,2,FALSE),"None") -> nmdc:bsm-11-1kc3zb19 | N17: =VLOOKUP(A17,DMSNameNCBIIDXNLExtract!$A$2:$B$318,2,FALSE) -> #N/A | O17: =VLOOKUP(L17,DMSNameNCBIIDXNLExtract!$E$2:$G$1025,2,FALSE) -> SAMEA7723851 | P17: =VLOOKUP(O17,'anc gold to biosample'!$A$2:$B$1025,2,FALSE) -> Gb0315768 | Q17: =VLOOKUP(P17,'anc nmdc ncbi gold'!$A$2:$C$818,2,FALSE) -> nmdc:bsm-11-1kc3zb19 | R17: some nmdc biosample ids subject to change, update 'anc nmdc ncbi gold' before using for prod work
A18: EMP_Feces_song_52_s004_a03_M_152 | B18: 698892 | D18: 94 | E18: 2856 | F18: 5 | G18: 43358.551 | H18: 43358.577 | I18: 37 | J18: Agilent_GC_MS_02 | K18: \\proto-4\Agilent_GC_MS_02\2018_3\EMP_Feces_song_52_s004_a03_M_152\ | L18: =IF(LEFT(A18,10)="EMP_Feces_",MID(A18,11,FIND("a0",A18,1)-12),"None") -> song_52_s004 | M18: =IF(NOT(L18="None"),VLOOKUP(L18,'GOLD Name splitout'!$A$1:$B$458,2,FALSE),"None") -> nmdc:bsm-11-1vny2356 | N18: =VLOOKUP(A18,DMSNameNCBIIDXNLExtract!$A$2:$B$318,2,FALSE) -> SAMEA7723521 | O18: =VLOOKUP(L18,DMSNameNCBIIDXNLExtract!$E$2:$G$1025,2,FALSE) -> SAMEA7723521 | P18: =VLOOKUP(O18,'anc gold to biosample'!$A$2:$B$1025,2,FALSE) -> Gb0315879 | Q18: =VLOOKUP(P18,'anc nmdc ncbi gold'!$A$2:$C$818,2,FALSE) -> nmdc:bsm-11-1vny2356 | R18: some nmdc biosample ids subject to change, update 'anc nmdc ncbi gold' before using for prod work
A19: EMP_Feces_song_51_s019_a03_M_147 | B19: 698883 | D19: 94 | E19: 2856 | F19: 5 | G19: 43358.403 | H19: 43358.429 | I19: 37 | J19: Agilent_GC_MS_02 | K19: \\proto-4\Agilent_GC_MS_02\2018_3\EMP_Feces_song_51_s019_a03_M_147\ | L19: =IF(LEFT(A19,10)="EMP_Feces_",MID(A19,11,FIND("a0",A19,1)-12),"None") -> song_51_s019 | M19: =IF(NOT(L19="None"),VLOOKUP(L19,'GOLD Name splitout'!$A$1:$B$458,2,FALSE),"None") -> nmdc:bsm-11-1yc28a60 | N19: =VLOOKUP(A19,DMSNameNCBIIDXNLExtract!$A$2:$B$318,2,FALSE) -> SAMEA7723519 | O19: =VLOOKUP(L19,DMSNameNCBIIDXNLExtract!$E$2:$G$1025,2,FALSE) -> SAMEA7723519 | P19: =VLOOKUP(O19,'anc gold to biosample'!$A$2:$B$1025,2,FALSE) -> Gb0315877 | Q19: =VLOOKUP(P19,'anc nmdc ncbi gold'!$A$2:$C$818,2,FALSE) -> nmdc:bsm-11-1yc28a60 | R19: some nmdc biosample ids subject to change, update 'anc nmdc ncbi gold' before using for prod work
A20: EMP_Feces_king_27_s004_a03_M_213 | B20: 699453 | C20: Skipped Quameter since instrument class Agilent_Ion_Trap | D20: 94 | E20: 2856 | F20: 5 | G20: 43362.522 | H20: 43362.548 | I20: 37 | J20: Agilent_GC_MS_02 | K20: \\proto-4\Agilent_GC_MS_02\2018_3\EMP_Feces_king_27_s004_a03_M_213\ | L20: =IF(LEFT(A20,10)="EMP_Feces_",MID(A20,11,FIND("a0",A20,1)-12),"None") -> king_27_s004 | M20: =IF(NOT(L20="None"),VLOOKUP(L20,'GOLD Name splitout'!$A$1:$B$458,2,FALSE),"None") -> #N/A | N20: =VLOOKUP(A20,DMSNameNCBIIDXNLExtract!$A$2:$B$318,2,FALSE) -> SAMEA7724102 | O20: =VLOOKUP(L20,DMSNameNCBIIDXNLExtract!$E$2:$G$1025,2,FALSE) -> SAMEA7724102 | P20: =VLOOKUP(O20,'anc gold to biosample'!$A$2:$B$1025,2,FALSE) -> Gb0240114 | Q20: =VLOOKUP(P20,'anc nmdc ncbi gold'!$A$2:$C$818,2,FALSE) -> nmdc:bsm-11-228q6569 | R20: some nmdc biosample ids subject to change, update 'anc nmdc ncbi gold' before using for prod work
A21: EMP_Feces_sandin_54_s009_a03_M_316 | B21: 700242 | D21: 94 | E21: 2856 | F21: 5 | G21: 43367.85 | H21: 43367.876 | I21: 37 | J21: Agilent_GC_MS_02 | K21: \\proto-4\Agilent_GC_MS_02\2018_3\EMP_Feces_sandin_54_s009_a03_M_316\ | L21: =IF(LEFT(A21,10)="EMP_Feces_",MID(A21,11,FIND("a0",A21,1)-12),"None") -> sandin_54_s009 | M21: =IF(NOT(L21="None"),VLOOKUP(L21,'GOLD Name splitout'!$A$1:$B$458,2,FALSE),"None") -> nmdc:bsm-11-24619e70 | N21: =VLOOKUP(A21,DMSNameNCBIIDXNLExtract!$A$2:$B$318,2,FALSE) -> #N/A | O21: =VLOOKUP(L21,DMSNameNCBIIDXNLExtract!$E$2:$G$1025,2,FALSE) -> SAMEA7723968 | P21: =VLOOKUP(O21,'anc gold to biosample'!$A$2:$B$1025,2,FALSE) -> Gb0315654 | Q21: =VLOOKUP(P21,'anc nmdc ncbi gold'!$A$2:$C$818,2,FALSE) -> nmdc:bsm-11-24619e70 | R21: some nmdc biosample ids subject to change, update 'anc nmdc ncbi gold' before using for prod work
A22: EMP_Feces_rohwer_84_s006_a03_M_271 | B22: 699696 | D22: 94 | E22: 2856 | F22: 5 | G22: 43364.474 | H22: 43364.5 | I22: 37 | J22: Agilent_GC_MS_02 | K22: \\proto-4\Agilent_GC_MS_02\2018_3\EMP_Feces_rohwer_84_s006_a03_M_271\ | L22: =IF(LEFT(A22,10)="EMP_Feces_",MID(A22,11,FIND("a0",A22,1)-12),"None") -> rohwer_84_s006 | M22: =IF(NOT(L22="None"),VLOOKUP(L22,'GOLD Name splitout'!$A$1:$B$458,2,FALSE),"None") -> #N/A | N22: =VLOOKUP(A22,DMSNameNCBIIDXNLExtract!$A$2:$B$318,2,FALSE) -> #N/A | O22: =VLOOKUP(L22,DMSNameNCBIIDXNLExtract!$E$2:$G$1025,2,FALSE) -> SAMEA7723949 | P22: =VLOOKUP(O22,'anc gold to biosample'!$A$2:$B$1025,2,FALSE) -> Gb0239932 | Q22: =VLOOKUP(P22,'anc nmdc ncbi gold'!$A$2:$C$818,2,FALSE) -> nmdc:bsm-11-29kct608 | R22: some nmdc biosample ids subject to change, update 'anc nmdc ncbi gold' before using for prod work
A23: EMP_Stgn_p_t15_100m_101_GC | B23: 701179 | C23: ; Auto-switched invalid dataset type from GC to default: GC-MS | D23: 94 | E23: 2856 | F23: 5 | G23: 43371.659 | H23: 43371.685 | I23: 37 | J23: Agilent_GC_MS_02 | K23: \\proto-4\Agilent_GC_MS_02\2018_3\EMP_Stgn_p_t15_100m_101_GC\ | L23: =IF(LEFT(A23,10)="EMP_Feces_",MID(A23,11,FIND("a0",A23,1)-12),"None") -> None | M23: =IF(NOT(L23="None"),VLOOKUP(L23,'GOLD Name splitout'!$A$1:$B$458,2,FALSE),"None") -> None | N23: =VLOOKUP(A23,DMSNameNCBIIDXNLExtract!$A$2:$B$318,2,FALSE) -> SAMEA7724320 | O23: =N23 -> SAMEA7724320 | P23: =VLOOKUP(O23,'anc gold to biosample'!$A$2:$B$1025,2,FALSE) -> Gb0240034 | Q23: =VLOOKUP(P23,'anc nmdc ncbi gold'!$A$2:$C$818,2,FALSE) -> nmdc:bsm-11-2ah5z651 | R23: some nmdc biosample ids subject to change, update 'anc nmdc ncbi gold' before using for prod work
A24: EMP_Feces_berry_2_s019_a03_M_008 | B24: 697936 | D24: 94 | E24: 2856 | F24: 5 | G24: 43350.89 | H24: 43350.916 | I24: 37 | J24: Agilent_GC_MS_02 | K24: \\proto-4\Agilent_GC_MS_02\2018_3\EMP_Feces_berry_2_s019_a03_M_008\ | L24: =IF(LEFT(A24,10)="EMP_Feces_",MID(A24,11,FIND("a0",A24,1)-12),"None") -> berry_2_s019 | M24: =IF(NOT(L24="None"),VLOOKUP(L24,'GOLD Name splitout'!$A$1:$B$458,2,FALSE),"None") -> nmdc:bsm-11-2c8r9c97 | N24: =VLOOKUP(A24,DMSNameNCBIIDXNLExtract!$A$2:$B$318,2,FALSE) -> SAMEA7723398 | O24: =VLOOKUP(L24,DMSNameNCBIIDXNLExtract!$E$2:$G$1025,2,FALSE) -> SAMEA7723398 | P24: =VLOOKUP(O24,'anc gold to biosample'!$A$2:$B$1025,2,FALSE) -> Gb0315751 | Q24: =VLOOKUP(P24,'anc nmdc ncbi gold'!$A$2:$C$818,2,FALSE) -> nmdc:bsm-11-2c8r9c97 | R24: some nmdc biosample ids subject to change, update 'anc nmdc ncbi gold' before using for prod work
A25: EMP_Feces_mayer_33_s001_a03_M_194 | B25: 699285 | D25: 94 | E25: 2856 | F25: 5 | G25: 43361.96 | H25: 43361.986 | I25: 37 | J25: Agilent_GC_MS_02 | K25: \\proto-4\Agilent_GC_MS_02\2018_3\EMP_Feces_mayer_33_s001_a03_M_194\ | L25: =IF(LEFT(A25,10)="EMP_Feces_",MID(A25,11,FIND("a0",A25,1)-12),"None") -> mayer_33_s001 | M25: =IF(NOT(L25="None"),VLOOKUP(L25,'GOLD Name splitout'!$A$1:$B$458,2,FALSE),"None") -> nmdc:bsm-11-2drasm02 | N25: =VLOOKUP(A25,DMSNameNCBIIDXNLExtract!$A$2:$B$318,2,FALSE) -> SAMEA7723611 | O25: =VLOOKUP(L25,DMSNameNCBIIDXNLExtract!$E$2:$G$1025,2,FALSE) -> SAMEA7723611 | P25: =VLOOKUP(O25,'anc gold to biosample'!$A$2:$B$1025,2,FALSE) -> Gb0315763 | Q25: =VLOOKUP(P25,'anc nmdc ncbi gold'!$A$2:$C$818,2,FALSE) -> nmdc:bsm-11-2drasm02 | R25: some nmdc biosample ids subject to change, update 'anc nmdc ncbi gold' before using for prod work
A26: EMP_Sdf_P2_4_079_GC | B26: 700765 | C26: ; Auto-switched invalid dataset type from GC to default: GC-MS | D26: 94 | E26: 2856 | F26: 5 | G26: 43371.008 | H26: 43371.034 | I26: 37 | J26: Agilent_GC_MS_02 | K26: \\proto-4\Agilent_GC_MS_02\2018_3\EMP_Sdf_P2_4_079_GC\ | L26: =IF(LEFT(A26,10)="EMP_Feces_",MID(A26,11,FIND("a0",A26,1)-12),"None") -> None | M26: =IF(NOT(L26="None"),VLOOKUP(L26,'GOLD Name splitout'!$A$1:$B$458,2,FALSE),"None") -> None | N26: =VLOOKUP(A26,DMSNameNCBIIDXNLExtract!$A$2:$B$318,2,FALSE) -> SAMEA7724292 | O26: =N26 -> SAMEA7724292 | P26: =VLOOKUP(O26,'anc gold to biosample'!$A$2:$B$1025,2,FALSE) -> Gb0240019 | Q26: =VLOOKUP(P26,'anc nmdc ncbi gold'!$A$2:$C$818,2,FALSE) -> nmdc:bsm-11-2hv7wn93 | R26: some nmdc biosample ids subject to change, update 'anc nmdc ncbi gold' before using for prod work
A27: EMP_Feces_mayer_33_s002_a03_M_195 | B27: 699288 | D27: 94 | E27: 2856 | F27: 5 | G27: 43361.99 | H27: 43362.016 | I27: 37 | J27: Agilent_GC_MS_02 | K27: \\proto-4\Agilent_GC_MS_02\2018_3\EMP_Feces_mayer_33_s002_a03_M_195\ | L27: =IF(LEFT(A27,10)="EMP_Feces_",MID(A27,11,FIND("a0",A27,1)-12),"None") -> mayer_33_s002 | M27: =IF(NOT(L27="None"),VLOOKUP(L27,'GOLD Name splitout'!$A$1:$B$458,2,FALSE),"None") -> nmdc:bsm-11-2rtk4045 | N27: =VLOOKUP(A27,DMSNameNCBIIDXNLExtract!$A$2:$B$318,2,FALSE) -> SAMEA7723437 | O27: =VLOOKUP(L27,DMSNameNCBIIDXNLExtract!$E$2:$G$1025,2,FALSE) -> SAMEA7723437 | P27: =VLOOKUP(O27,'anc gold to biosample'!$A$2:$B$1025,2,FALSE) -> Gb0315752 | Q27: =VLOOKUP(P27,'anc nmdc ncbi gold'!$A$2:$C$818,2,FALSE) -> nmdc:bsm-11-2rtk4045 | R27: some nmdc biosample ids subject to change, update 'anc nmdc ncbi gold' before using for prod work
A28: EMP_Cen16_12_086_GC | B28: 700786 | C28: ; Auto-switched invalid dataset type from GC to default: GC-MS | D28: 94 | E28: 2856 | F28: 5 | G28: 43371.215 | H28: 43371.241 | I28: 37 | J28: Agilent_GC_MS_02 | K28: \\proto-4\Agilent_GC_MS_02\2018_3\EMP_Cen16_12_086_GC\ | L28: =IF(LEFT(A28,10)="EMP_Feces_",MID(A28,11,FIND("a0",A28,1)-12),"None") -> None | M28: =IF(NOT(L28="None"),VLOOKUP(L28,'GOLD Name splitout'!$A$1:$B$458,2,FALSE),"None") -> None | N28: =VLOOKUP(A28,DMSNameNCBIIDXNLExtract!$A$2:$B$318,2,FALSE) -> SAMEA7724303 | O28: =N28 -> SAMEA7724303 | P28: =VLOOKUP(O28,'anc gold to biosample'!$A$2:$B$1025,2,FALSE) -> Gb0239924 | Q28: =VLOOKUP(P28,'anc nmdc ncbi gold'!$A$2:$C$818,2,FALSE) -> nmdc:bsm-11-30npyx54 | R28: some nmdc biosample ids subject to change, update 'anc nmdc ncbi gold' before using for prod work
A29: EMP_Feces_king_27_s013_a03_M_219 | B29: 699482 | D29: 94 | E29: 2856 | F29: 5 | G29: 43362.818 | H29: 43362.844 | I29: 37 | J29: Agilent_GC_MS_02 | K29: \\proto-4\Agilent_GC_MS_02\2018_3\EMP_Feces_king_27_s013_a03_M_219\ | L29: =IF(LEFT(A29,10)="EMP_Feces_",MID(A29,11,FIND("a0",A29,1)-12),"None") -> king_27_s013 | M29: =IF(NOT(L29="None"),VLOOKUP(L29,'GOLD Name splitout'!$A$1:$B$458,2,FALSE),"None") -> #N/A | N29: =VLOOKUP(A29,DMSNameNCBIIDXNLExtract!$A$2:$B$318,2,FALSE) -> SAMEA7723432 | O29: =VLOOKUP(L29,DMSNameNCBIIDXNLExtract!$E$2:$G$1025,2,FALSE) -> SAMEA7723432 | P29: =VLOOKUP(O29,'anc gold to biosample'!$A$2:$B$1025,2,FALSE) -> Gb0240123 | Q29: =VLOOKUP(P29,'anc nmdc ncbi gold'!$A$2:$C$818,2,FALSE) -> nmdc:bsm-11-3396fd37 | R29: some nmdc biosample ids subject to change, update 'anc nmdc ncbi gold' before using for prod work
A30: EMP_Myr_5_NRCS0096_036_GC | B30: 700444 | C30: ; Auto-switched invalid dataset type from GC to default: GC-MS | D30: 94 | E30: 2856 | F30: 5 | G30: 43369.474 | H30: 43369.5 | I30: 37 | J30: Agilent_GC_MS_02 | K30: \\proto-4\Agilent_GC_MS_02\2018_3\EMP_Myr_5_NRCS0096_036_GC\ | L30: =MID(A30,5,14) -> Myr_5_NRCS0096 | M30: =IF(NOT(L30="None"),VLOOKUP(L30,'GOLD Name splitout'!$A$1:$B$458,2,FALSE),"None") -> #N/A | N30: =VLOOKUP(A30,DMSNameNCBIIDXNLExtract!$A$2:$B$318,2,FALSE) -> SAMEA7724211 | O30: =N30 -> SAMEA7724211 | P30: =VLOOKUP(O30,'anc gold to biosample'!$A$2:$B$1025,2,FALSE) -> Gb0240101 | Q30: =VLOOKUP(P30,'anc nmdc ncbi gold'!$A$2:$C$818,2,FALSE) -> nmdc:bsm-11-39qcw250 | R30: some nmdc biosample ids subject to change, update 'anc nmdc ncbi gold' before using for prod work
A31: EMP_Feces_thomas_18_s024_a03_M_027 | B31: 697995 | D31: 94 | E31: 2856 | F31: 5 | G31: 43351.451 | H31: 43351.477 | I31: 37 | J31: Agilent_GC_MS_02 | K31: \\proto-4\Agilent_GC_MS_02\2018_3\EMP_Feces_thomas_18_s024_a03_M_027\ | L31: =IF(LEFT(A31,10)="EMP_Feces_",MID(A31,11,FIND("a0",A31,1)-12),"None") -> thomas_18_s024 | M31: =IF(NOT(L31="None"),VLOOKUP(L31,'GOLD Name splitout'!$A$1:$B$458,2,FALSE),"None") -> nmdc:bsm-11-3a8h4b10 | N31: =VLOOKUP(A31,DMSNameNCBIIDXNLExtract!$A$2:$B$318,2,FALSE) -> SAMEA7723703 | O31: =VLOOKUP(L31,DMSNameNCBIIDXNLExtract!$E$2:$G$1025,2,FALSE) -> SAMEA7723703 | P31: =VLOOKUP(O31,'anc gold to biosample'!$A$2:$B$1025,2,FALSE) -> Gb0315815 | Q31: =VLOOKUP(P31,'anc nmdc ncbi gold'!$A$2:$C$818,2,FALSE) -> nmdc:bsm-11-3a8h4b10 | R31: some nmdc biosample ids subject to change, update 'anc nmdc ncbi gold' before using for prod work
A32: EMP_McR3_6_002_GC | B32: 698234 | C32: ; Auto-switched invalid dataset type from GC to default: GC-MS | D32: 94 | E32: 2856 | F32: 5 | G32: 43353.668 | H32: 43353.694 | I32: 37 | J32: Agilent_GC_MS_02 | K32: \\proto-4\Agilent_GC_MS_02\2018_3\EMP_McR3_6_002_GC\ | L32: McR3_6 | M32: =IF(NOT(L32="None"),VLOOKUP(L32,'GOLD Name splitout'!$A$1:$B$458,2,FALSE),"None") -> nmdc:bsm-11-3b5xj746 | N32: =VLOOKUP(A32,DMSNameNCBIIDXNLExtract!$A$2:$B$318,2,FALSE) -> SAMEA7724112 | O32: =VLOOKUP(L32,DMSNameNCBIIDXNLExtract!$E$2:$G$1025,2,FALSE) -> SAMEA7724112 | P32: =VLOOKUP(O32,'anc gold to biosample'!$A$2:$B$1025,2,FALSE) -> Gb0239958 | Q32: =VLOOKUP(P32,'anc nmdc ncbi gold'!$A$2:$C$818,2,FALSE) -> nmdc:bsm-11-3b5xj746 | R32: some nmdc biosample ids subject to change, update 'anc nmdc ncbi gold' before using for prod work
A33: EMP_Feces_king_27_s007_a03_M_214 | B33: 699463 | D33: 94 | E33: 2856 | F33: 5 | G33: 43362.552 | H33: 43362.578 | I33: 37 | J33: Agilent_GC_MS_02 | K33: \\proto-4\Agilent_GC_MS_02\2018_3\EMP_Feces_king_27_s007_a03_M_214\ | L33: =IF(LEFT(A33,10)="EMP_Feces_",MID(A33,11,FIND("a0",A33,1)-12),"None") -> king_27_s007 | M33: =IF(NOT(L33="None"),VLOOKUP(L33,'GOLD Name splitout'!$A$1:$B$458,2,FALSE),"None") -> #N/A | N33: =VLOOKUP(A33,DMSNameNCBIIDXNLExtract!$A$2:$B$318,2,FALSE) -> SAMEA7723430 | O33: =VLOOKUP(L33,DMSNameNCBIIDXNLExtract!$E$2:$G$1025,2,FALSE) -> SAMEA7723430 | P33: =VLOOKUP(O33,'anc gold to biosample'!$A$2:$B$1025,2,FALSE) -> Gb0240117 | Q33: =VLOOKUP(P33,'anc nmdc ncbi gold'!$A$2:$C$818,2,FALSE) -> nmdc:bsm-11-3ekef286 | R33: some nmdc biosample ids subject to change, update 'anc nmdc ncbi gold' before using for prod work
A34: EMP_Stgn_al_T5_52m_096_GC | B34: 701162 | C34: ; Auto-switched invalid dataset type from GC to default: GC-MS | D34: 94 | E34: 2856 | F34: 5 | G34: 43371.511 | H34: 43371.537 | I34: 37 | J34: Agilent_GC_MS_02 | K34: \\proto-4\Agilent_GC_MS_02\2018_3\EMP_Stgn_al_T5_52m_096_GC\ | L34: =IF(LEFT(A34,10)="EMP_Feces_",MID(A34,11,FIND("a0",A34,1)-12),"None") -> None | M34: =IF(NOT(L34="None"),VLOOKUP(L34,'GOLD Name splitout'!$A$1:$B$458,2,FALSE),"None") -> None | N34: =VLOOKUP(A34,DMSNameNCBIIDXNLExtract!$A$2:$B$318,2,FALSE) -> SAMEA7724337 | O34: =N34 -> SAMEA7724337 | P34: =VLOOKUP(O34,'anc gold to biosample'!$A$2:$B$1025,2,FALSE) -> Gb0240041 | Q34: =VLOOKUP(P34,'anc nmdc ncbi gold'!$A$2:$C$818,2,FALSE) -> nmdc:bsm-11-3h3w1c57 | R34: some nmdc biosample ids subject to change, update 'anc nmdc ncbi gold' before using for prod work
A35: EMP_Feces_uren_82_s006_a03_M_313 | B35: 700235 | D35: 94 | E35: 2856 | F35: 5 | G35: 43367.761 | H35: 43367.787 | I35: 37 | J35: Agilent_GC_MS_02 | K35: \\proto-4\Agilent_GC_MS_02\2018_3\EMP_Feces_uren_82_s006_a03_M_313\ | L35: =IF(LEFT(A35,10)="EMP_Feces_",MID(A35,11,FIND("a0",A35,1)-12),"None") -> uren_82_s006 | M35: =IF(NOT(L35="None"),VLOOKUP(L35,'GOLD Name splitout'!$A$1:$B$458,2,FALSE),"None") -> nmdc:bsm-11-3sdqfq80 | N35: =VLOOKUP(A35,DMSNameNCBIIDXNLExtract!$A$2:$B$318,2,FALSE) -> #N/A | O35: =VLOOKUP(L35,DMSNameNCBIIDXNLExtract!$E$2:$G$1025,2,FALSE) -> SAMEA7724049 | P35: =VLOOKUP(O35,'anc gold to biosample'!$A$2:$B$1025,2,FALSE) -> Gb0315697 | Q35: =VLOOKUP(P35,'anc nmdc ncbi gold'!$A$2:$C$818,2,FALSE) -> nmdc:bsm-11-3sdqfq80 | R35: some nmdc biosample ids subject to change, update 'anc nmdc ncbi gold' before using for prod work
A36: EMP_Sdf_BP2_26_074_GC | B36: 700735 | C36: ; Auto-switched invalid dataset type from GC to default: GC-MS | D36: 94 | E36: 2856 | F36: 5 | G36: 43370.742 | H36: 43370.768 | I36: 37 | J36: Agilent_GC_MS_02 | K36: \\proto-4\Agilent_GC_MS_02\2018_3\EMP_Sdf_BP2_26_074_GC\ | L36: =IF(LEFT(A36,10)="EMP_Feces_",MID(A36,11,FIND("a0",A36,1)-12),"None") -> None | M36: =IF(NOT(L36="None"),VLOOKUP(L36,'GOLD Name splitout'!$A$1:$B$458,2,FALSE),"None") -> None | N36: =VLOOKUP(A36,DMSNameNCBIIDXNLExtract!$A$2:$B$318,2,FALSE) -> SAMEA7724284 | O36: =N36 -> SAMEA7724284 | P36: =VLOOKUP(O36,'anc gold to biosample'!$A$2:$B$1025,2,FALSE) -> Gb0239936 | Q36: =VLOOKUP(P36,'anc nmdc ncbi gold'!$A$2:$C$818,2,FALSE) -> nmdc:bsm-11-407zcq77 | R36: some nmdc biosample ids subject to change, update 'anc nmdc ncbi gold' before using for prod work
A37: EMP_Feces_king_27_s008_a03_M_215 | B37: 699464 | D37: 94 | E37: 2856 | F37: 5 | G37: 43362.582 | H37: 43362.608 | I37: 37 | J37: Agilent_GC_MS_02 | K37: \\proto-4\Agilent_GC_MS_02\2018_3\EMP_Feces_king_27_s008_a03_M_215\ | L37: =IF(LEFT(A37,10)="EMP_Feces_",MID(A37,11,FIND("a0",A37,1)-12),"None") -> king_27_s008 | M37: =IF(NOT(L37="None"),VLOOKUP(L37,'GOLD Name splitout'!$A$1:$B$458,2,FALSE),"None") -> #N/A | N37: =VLOOKUP(A37,DMSNameNCBIIDXNLExtract!$A$2:$B$318,2,FALSE) -> SAMEA7723431 | O37: =VLOOKUP(L37,DMSNameNCBIIDXNLExtract!$E$2:$G$1025,2,FALSE) -> SAMEA7723431 | P37: =VLOOKUP(O37,'anc gold to biosample'!$A$2:$B$1025,2,FALSE) -> Gb0240118 | Q37: =VLOOKUP(P37,'anc nmdc ncbi gold'!$A$2:$C$818,2,FALSE) -> nmdc:bsm-11-44hrnd69 | R37: some nmdc biosample ids subject to change, update 'anc nmdc ncbi gold' before using for prod work
A38: EMP_Feces_sandin_54_s008_a03_M_315 | B38: 700240 | D38: 94 | E38: 2856 | F38: 5 | G38: 43367.82 | H38: 43367.846 | I38: 37 | J38: Agilent_GC_MS_02 | K38: \\proto-4\Agilent_GC_MS_02\2018_3\EMP_Feces_sandin_54_s008_a03_M_315\ | L38: =IF(LEFT(A38,10)="EMP_Feces_",MID(A38,11,FIND("a0",A38,1)-12),"None") -> sandin_54_s008 | M38: =IF(NOT(L38="None"),VLOOKUP(L38,'GOLD Name splitout'!$A$1:$B$458,2,FALSE),"None") -> nmdc:bsm-11-47n1jc77 | N38: =VLOOKUP(A38,DMSNameNCBIIDXNLExtract!$A$2:$B$318,2,FALSE) -> SAMEA7723503 | O38: =VLOOKUP(L38,DMSNameNCBIIDXNLExtract!$E$2:$G$1025,2,FALSE) -> SAMEA7723503 | P38: =VLOOKUP(O38,'anc gold to biosample'!$A$2:$B$1025,2,FALSE) -> Gb0315648 | Q38: =VLOOKUP(P38,'anc nmdc ncbi gold'!$A$2:$C$818,2,FALSE) -> nmdc:bsm-11-47n1jc77 | R38: some nmdc biosample ids subject to change, update 'anc nmdc ncbi gold' before using for prod work
A39: EMP_Feces_berry_2_s004_a03_M_092 | B39: 698711 | D39: 94 | E39: 2856 | F39: 5 | G39: 43356.54 | H39: 43356.566 | I39: 37 | J39: Agilent_GC_MS_02 | K39: \\proto-4\Agilent_GC_MS_02\2018_3\EMP_Feces_berry_2_s004_a03_M_092\ | L39: =IF(LEFT(A39,10)="EMP_Feces_",MID(A39,11,FIND("a0",A39,1)-12),"None") -> berry_2_s004 | M39: =IF(NOT(L39="None"),VLOOKUP(L39,'GOLD Name splitout'!$A$1:$B$458,2,FALSE),"None") -> nmdc:bsm-11-499zaf45 | N39: =VLOOKUP(A39,DMSNameNCBIIDXNLExtract!$A$2:$B$318,2,FALSE) -> SAMEA7723392 | O39: =VLOOKUP(L39,DMSNameNCBIIDXNLExtract!$E$2:$G$1025,2,FALSE) -> SAMEA7723392 | P39: =VLOOKUP(O39,'anc gold to biosample'!$A$2:$B$1025,2,FALSE) -> Gb0315745 | Q39: =VLOOKUP(P39,'anc nmdc ncbi gold'!$A$2:$C$818,2,FALSE) -> nmdc:bsm-11-499zaf45 | R39: some nmdc biosample ids subject to change, update 'anc nmdc ncbi gold' before using for prod work
A40: EMP_Feces_song_53_s004_a03_M_167 | B40: 699179 | D40: 94 | E40: 2856 | F40: 5 | G40: 43361.045 | H40: 43361.071 | I40: 37 | J40: Agilent_GC_MS_02 | K40: \\proto-4\Agilent_GC_MS_02\2018_3\EMP_Feces_song_53_s004_a03_M_167\ | L40: =IF(LEFT(A40,10)="EMP_Feces_",MID(A40,11,FIND("a0",A40,1)-12),"None") -> song_53_s004 | M40: =IF(NOT(L40="None"),VLOOKUP(L40,'GOLD Name splitout'!$A$1:$B$458,2,FALSE),"None") -> nmdc:bsm-11-49rak140 | N40: =VLOOKUP(A40,DMSNameNCBIIDXNLExtract!$A$2:$B$318,2,FALSE) -> SAMEA7723531 | O40: =VLOOKUP(L40,DMSNameNCBIIDXNLExtract!$E$2:$G$1025,2,FALSE) -> SAMEA7723531 | P40: =VLOOKUP(O40,'anc gold to biosample'!$A$2:$B$1025,2,FALSE) -> Gb0315889 | Q40: =VLOOKUP(P40,'anc nmdc ncbi gold'!$A$2:$C$818,2,FALSE) -> nmdc:bsm-11-49rak140 | R40: some nmdc biosample ids subject to change, update 'anc nmdc ncbi gold' before using for prod work
A41: EMP_Feces_king_27_s012_a03_M_218 | B41: 699479 | D41: 94 | E41: 2856 | F41: 5 | G41: 43362.789 | H41: 43362.815 | I41: 37 | J41: Agilent_GC_MS_02 | K41: \\proto-4\Agilent_GC_MS_02\2018_3\EMP_Feces_king_27_s012_a03_M_218\ | L41: =IF(LEFT(A41,10)="EMP_Feces_",MID(A41,11,FIND("a0",A41,1)-12),"None") -> king_27_s012 | M41: =IF(NOT(L41="None"),VLOOKUP(L41,'GOLD Name splitout'!$A$1:$B$458,2,FALSE),"None") -> #N/A | N41: =VLOOKUP(A41,DMSNameNCBIIDXNLExtract!$A$2:$B$318,2,FALSE) -> #N/A | O41: =VLOOKUP(L41,DMSNameNCBIIDXNLExtract!$E$2:$G$1025,2,FALSE) -> SAMEA7723905 | P41: =VLOOKUP(O41,'anc gold to biosample'!$A$2:$B$1025,2,FALSE) -> Gb0240122 | Q41: =VLOOKUP(P41,'anc nmdc ncbi gold'!$A$2:$C$818,2,FALSE) -> nmdc:bsm-11-4b8h0j70 | R41: some nmdc biosample ids subject to change, update 'anc nmdc ncbi gold' before using for prod work
A42: EMP_Sch_N_7_054_GC | B42: 700556 | C42: ; Auto-switched invalid dataset type from GC to default: GC-MS | D42: 94 | E42: 2856 | F42: 5 | G42: 43370.124 | H42: 43370.15 | I42: 37 | J42: Agilent_GC_MS_02 | K42: \\proto-4\Agilent_GC_MS_02\2018_3\EMP_Sch_N_7_054_GC\ | L42: =IF(LEFT(A42,10)="EMP_Feces_",MID(A42,11,FIND("a0",A42,1)-12),"None") -> None | M42: =IF(NOT(L42="None"),VLOOKUP(L42,'GOLD Name splitout'!$A$1:$B$458,2,FALSE),"None") -> None | N42: =VLOOKUP(A42,DMSNameNCBIIDXNLExtract!$A$2:$B$318,2,FALSE) -> SAMEA7724263 | O42: =N42 -> SAMEA7724263 | P42: =VLOOKUP(O42,'anc gold to biosample'!$A$2:$B$1025,2,FALSE) -> Gb0239995 | Q42: =VLOOKUP(P42,'anc nmdc ncbi gold'!$A$2:$C$818,2,FALSE) -> nmdc:bsm-11-4e8mpm31 | R42: some nmdc biosample ids subject to change, update 'anc nmdc ncbi gold' before using for prod work
A43: EMP_Feces_pinto_63_s025_a03_M_346 | B43: 700381 | D43: 94 | E43: 2856 | F43: 5 | G43: 43368.824 | H43: 43368.85 | I43: 37 | J43: Agilent_GC_MS_02 | K43: \\proto-4\Agilent_GC_MS_02\2018_3\EMP_Feces_pinto_63_s025_a03_M_346\ | L43: =IF(LEFT(A43,10)="EMP_Feces_",MID(A43,11,FIND("a0",A43,1)-12),"None") -> pinto_63_s025 | M43: =IF(NOT(L43="None"),VLOOKUP(L43,'GOLD Name splitout'!$A$1:$B$458,2,FALSE),"None") -> nmdc:bsm-11-4ga0zr42 | N43: =VLOOKUP(A43,DMSNameNCBIIDXNLExtract!$A$2:$B$318,2,FALSE) -> SAMEA7723680 | O43: =VLOOKUP(L43,DMSNameNCBIIDXNLExtract!$E$2:$G$1025,2,FALSE) -> SAMEA7723680 | P43: =VLOOKUP(O43,'anc gold to biosample'!$A$2:$B$1025,2,FALSE) -> Gb0315686 | Q43: =VLOOKUP(P43,'anc nmdc ncbi gold'!$A$2:$C$818,2,FALSE) -> nmdc:bsm-11-4ga0zr42 | R43: some nmdc biosample ids subject to change, update 'anc nmdc ncbi gold' before using for prod work
A44: EMP_Feces_song_52_s002_a03_M_150 | B44: 698890 | D44: 94 | E44: 2856 | F44: 5 | G44: 43358.492 | H44: 43358.518 | I44: 37 | J44: Agilent_GC_MS_02 | K44: \\proto-4\Agilent_GC_MS_02\2018_3\EMP_Feces_song_52_s002_a03_M_150\ | L44: =IF(LEFT(A44,10)="EMP_Feces_",MID(A44,11,FIND("a0",A44,1)-12),"None") -> song_52_s002 | M44: =IF(NOT(L44="None"),VLOOKUP(L44,'GOLD Name splitout'!$A$1:$B$458,2,FALSE),"None") -> nmdc:bsm-11-4qp1b648 | N44: =VLOOKUP(A44,DMSNameNCBIIDXNLExtract!$A$2:$B$318,2,FALSE) -> #N/A | O44: =VLOOKUP(L44,DMSNameNCBIIDXNLExtract!$E$2:$G$1025,2,FALSE) -> SAMEA7723986 | P44: =VLOOKUP(O44,'anc gold to biosample'!$A$2:$B$1025,2,FALSE) -> Gb0315971 | Q44: =VLOOKUP(P44,'anc nmdc ncbi gold'!$A$2:$C$818,2,FALSE) -> nmdc:bsm-11-4qp1b648 | R44: some nmdc biosample ids subject to change, update 'anc nmdc ncbi gold' before using for prod work
A45: EMP_Feces_king_27_s016_a03_M_220 | B45: 699483 | D45: 94 | E45: 2856 | F45: 5 | G45: 43362.848 | H45: 43362.874 | I45: 37 | J45: Agilent_GC_MS_02 | K45: \\proto-4\Agilent_GC_MS_02\2018_3\EMP_Feces_king_27_s016_a03_M_220\ | L45: =IF(LEFT(A45,10)="EMP_Feces_",MID(A45,11,FIND("a0",A45,1)-12),"None") -> king_27_s016 | M45: =IF(NOT(L45="None"),VLOOKUP(L45,'GOLD Name splitout'!$A$1:$B$458,2,FALSE),"None") -> #N/A | N45: =VLOOKUP(A45,DMSNameNCBIIDXNLExtract!$A$2:$B$318,2,FALSE) -> #N/A | O45: =VLOOKUP(L45,DMSNameNCBIIDXNLExtract!$E$2:$G$1025,2,FALSE) -> SAMEA7723906 | P45: =VLOOKUP(O45,'anc gold to biosample'!$A$2:$B$1025,2,FALSE) -> Gb0240126 | Q45: =VLOOKUP(P45,'anc nmdc ncbi gold'!$A$2:$C$818,2,FALSE) -> nmdc:bsm-11-4xv36j39 | R45: some nmdc biosample ids subject to change, update 'anc nmdc ncbi gold' before using for prod work
A46: EMP_Feces_song_53_s006_a03_M_169 | B46: 699181 | D46: 94 | E46: 2856 | F46: 5 | G46: 43361.104 | H46: 43361.13 | I46: 37 | J46: Agilent_GC_MS_02 | K46: \\proto-4\Agilent_GC_MS_02\2018_3\EMP_Feces_song_53_s006_a03_M_169\ | L46: =IF(LEFT(A46,10)="EMP_Feces_",MID(A46,11,FIND("a0",A46,1)-12),"None") -> song_53_s006 | M46: =IF(NOT(L46="None"),VLOOKUP(L46,'GOLD Name splitout'!$A$1:$B$458,2,FALSE),"None") -> nmdc:bsm-11-55e7py77 | N46: =VLOOKUP(A46,DMSNameNCBIIDXNLExtract!$A$2:$B$318,2,FALSE) -> SAMEA7723533 | O46: =VLOOKUP(L46,DMSNameNCBIIDXNLExtract!$E$2:$G$1025,2,FALSE) -> SAMEA7723533 | P46: =VLOOKUP(O46,'anc gold to biosample'!$A$2:$B$1025,2,FALSE) -> Gb0315891 | Q46: =VLOOKUP(P46,'anc nmdc ncbi gold'!$A$2:$C$818,2,FALSE) -> nmdc:bsm-11-55e7py77 | R46: some nmdc biosample ids subject to change, update 'anc nmdc ncbi gold' before using for prod work
A47: EMP_Feces_song_51_s004_a03_M_132 | B47: 698857 | D47: 94 | E47: 2856 | F47: 5 | G47: 43357.96 | H47: 43357.986 | I47: 37 | J47: Agilent_GC_MS_02 | K47: \\proto-4\Agilent_GC_MS_02\2018_3\EMP_Feces_song_51_s004_a03_M_132\ | L47: =IF(LEFT(A47,10)="EMP_Feces_",MID(A47,11,FIND("a0",A47,1)-12),"None") -> song_51_s004 | M47: =IF(NOT(L47="None"),VLOOKUP(L47,'GOLD Name splitout'!$A$1:$B$458,2,FALSE),"None") -> nmdc:bsm-11-55g32030 | N47: =VLOOKUP(A47,DMSNameNCBIIDXNLExtract!$A$2:$B$318,2,FALSE) -> SAMEA7723513 | O47: =VLOOKUP(L47,DMSNameNCBIIDXNLExtract!$E$2:$G$1025,2,FALSE) -> SAMEA7723513 | P47: =VLOOKUP(O47,'anc gold to biosample'!$A$2:$B$1025,2,FALSE) -> Gb0315871 | Q47: =VLOOKUP(P47,'anc nmdc ncbi gold'!$A$2:$C$818,2,FALSE) -> nmdc:bsm-11-55g32030 | R47: some nmdc biosample ids subject to change, update 'anc nmdc ncbi gold' before using for prod work
A48: EMP_Feces_bittleston_68_s004_a02_M_193 | B48: 699281 | D48: 94 | E48: 2856 | F48: 5 | G48: 43361.931 | H48: 43361.957 | I48: 37 | J48: Agilent_GC_MS_02 | K48: \\proto-4\Agilent_GC_MS_02\2018_3\EMP_Feces_bittleston_68_s004_a02_M_193\ | L48: =IF(LEFT(A48,10)="EMP_Feces_",MID(A48,11,FIND("a0",A48,1)-12),"None") -> bittleston_68_s004 | M48: =IF(NOT(L48="None"),VLOOKUP(L48,'GOLD Name splitout'!$A$1:$B$458,2,FALSE),"None") -> nmdc:bsm-11-5a46nv05 | N48: =VLOOKUP(A48,DMSNameNCBIIDXNLExtract!$A$2:$B$318,2,FALSE) -> #N/A | O48: =VLOOKUP(L48,DMSNameNCBIIDXNLExtract!$E$2:$G$1025,2,FALSE) -> SAMEA7723860 | P48: =VLOOKUP(O48,'anc gold to biosample'!$A$2:$B$1025,2,FALSE) -> Gb0315729 | Q48: =VLOOKUP(P48,'anc nmdc ncbi gold'!$A$2:$C$818,2,FALSE) -> nmdc:bsm-11-5a46nv05 | R48: some nmdc biosample ids subject to change, update 'anc nmdc ncbi gold' before using for prod work
A49: EMP_Feces_song_51_s015_a03_M_143 | B49: 698875 | D49: 94 | E49: 2856 | F49: 5 | G49: 43358.285 | H49: 43358.311 | I49: 37 | J49: Agilent_GC_MS_02 | K49: \\proto-4\Agilent_GC_MS_02\2018_3\EMP_Feces_song_51_s015_a03_M_143\ | L49: =IF(LEFT(A49,10)="EMP_Feces_",MID(A49,11,FIND("a0",A49,1)-12),"None") -> song_51_s015 | M49: =IF(NOT(L49="None"),VLOOKUP(L49,'GOLD Name splitout'!$A$1:$B$458,2,FALSE),"None") -> nmdc:bsm-11-5jw9p947 | N49: =VLOOKUP(A49,DMSNameNCBIIDXNLExtract!$A$2:$B$318,2,FALSE) -> SAMEA7723517 | O49: =VLOOKUP(L49,DMSNameNCBIIDXNLExtract!$E$2:$G$1025,2,FALSE) -> SAMEA7723517 | P49: =VLOOKUP(O49,'anc gold to biosample'!$A$2:$B$1025,2,FALSE) -> Gb0315875 | Q49: =VLOOKUP(P49,'anc nmdc ncbi gold'!$A$2:$C$818,2,FALSE) -> nmdc:bsm-11-5jw9p947 | R49: some nmdc biosample ids subject to change, update 'anc nmdc ncbi gold' before using for prod work
A50: EMP_Feces_thomas_18_s029_a03_M_028 | B50: 697997 | D50: 94 | E50: 2856 | F50: 5 | G50: 43351.481 | H50: 43351.507 | I50: 37 | J50: Agilent_GC_MS_02 | K50: \\proto-4\Agilent_GC_MS_02\2018_3\EMP_Feces_thomas_18_s029_a03_M_028\ | L50: =IF(LEFT(A50,10)="EMP_Feces_",MID(A50,11,FIND("a0",A50,1)-12),"None") -> thomas_18_s029 | M50: =IF(NOT(L50="None"),VLOOKUP(L50,'GOLD Name splitout'!$A$1:$B$458,2,FALSE),"None") -> nmdc:bsm-11-5p41f286 | N50: =VLOOKUP(A50,DMSNameNCBIIDXNLExtract!$A$2:$B$318,2,FALSE) -> SAMEA7723707 | O50: =VLOOKUP(L50,DMSNameNCBIIDXNLExtract!$E$2:$G$1025,2,FALSE) -> SAMEA7723707 | P50: =VLOOKUP(O50,'anc gold to biosample'!$A$2:$B$1025,2,FALSE) -> Gb0315819 | Q50: =VLOOKUP(P50,'anc nmdc ncbi gold'!$A$2:$C$818,2,FALSE) -> nmdc:bsm-11-5p41f286 | R50: some nmdc biosample ids subject to change, update 'anc nmdc ncbi gold' before using for prod work
A51: EMP_Cen17_12_088_GC | B51: 701124 | C51: ; Auto-switched invalid dataset type from GC to default: GC-MS | D51: 94 | E51: 2856 | F51: 5 | G51: 43371.274 | H51: 43371.3 | I51: 37 | J51: Agilent_GC_MS_02 | K51: \\proto-4\Agilent_GC_MS_02\2018_3\EMP_Cen17_12_088_GC\ | L51: =IF(LEFT(A51,10)="EMP_Feces_",MID(A51,11,FIND("a0",A51,1)-12),"None") -> None | M51: =IF(NOT(L51="None"),VLOOKUP(L51,'GOLD Name splitout'!$A$1:$B$458,2,FALSE),"None") -> None | N51: =VLOOKUP(A51,DMSNameNCBIIDXNLExtract!$A$2:$B$318,2,FALSE) -> SAMEA7724304 | O51: =N51 -> SAMEA7724304 | P51: =VLOOKUP(O51,'anc gold to biosample'!$A$2:$B$1025,2,FALSE) -> Gb0239925 | Q51: =VLOOKUP(P51,'anc nmdc ncbi gold'!$A$2:$C$818,2,FALSE) -> nmdc:bsm-11-5p55d563 | R51: some nmdc biosample ids subject to change, update 'anc nmdc ncbi gold' before using for prod work
A52: EMP_Sdf_BP3_28_080_GC | B52: 700769 | C52: ; Auto-switched invalid dataset type from GC to default: GC-MS | D52: 94 | E52: 2856 | F52: 5 | G52: 43371.037 | H52: 43371.064 | I52: 37 | J52: Agilent_GC_MS_02 | K52: \\proto-4\Agilent_GC_MS_02\2018_3\EMP_Sdf_BP3_28_080_GC\ | L52: =IF(LEFT(A52,10)="EMP_Feces_",MID(A52,11,FIND("a0",A52,1)-12),"None") -> None | M52: =IF(NOT(L52="None"),VLOOKUP(L52,'GOLD Name splitout'!$A$1:$B$458,2,FALSE),"None") -> None | N52: =VLOOKUP(A52,DMSNameNCBIIDXNLExtract!$A$2:$B$318,2,FALSE) -> SAMEA7724285 | O52: =N52 -> SAMEA7724285 | P52: =VLOOKUP(O52,'anc gold to biosample'!$A$2:$B$1025,2,FALSE) -> Gb0239937 | Q52: =VLOOKUP(P52,'anc nmdc ncbi gold'!$A$2:$C$818,2,FALSE) -> nmdc:bsm-11-5pcpjc96 | R52: some nmdc biosample ids subject to change, update 'anc nmdc ncbi gold' before using for prod work
A53: EMP_Feces_king_27_s010_a03_M_216 | B53: 699471 | D53: 94 | E53: 2856 | F53: 5 | G53: 43362.611 | H53: 43362.637 | I53: 37 | J53: Agilent_GC_MS_02 | K53: \\proto-4\Agilent_GC_MS_02\2018_3\EMP_Feces_king_27_s010_a03_M_216\ | L53: =IF(LEFT(A53,10)="EMP_Feces_",MID(A53,11,FIND("a0",A53,1)-12),"None") -> king_27_s010 | M53: =IF(NOT(L53="None"),VLOOKUP(L53,'GOLD Name splitout'!$A$1:$B$458,2,FALSE),"None") -> #N/A | N53: =VLOOKUP(A53,DMSNameNCBIIDXNLExtract!$A$2:$B$318,2,FALSE) -> #N/A | O53: =VLOOKUP(L53,DMSNameNCBIIDXNLExtract!$E$2:$G$1025,2,FALSE) -> SAMEA7723903 | P53: =VLOOKUP(O53,'anc gold to biosample'!$A$2:$B$1025,2,FALSE) -> Gb0240120 | Q53: =VLOOKUP(P53,'anc nmdc ncbi gold'!$A$2:$C$818,2,FALSE) -> nmdc:bsm-11-5r2xyn20 | R53: some nmdc biosample ids subject to change, update 'anc nmdc ncbi gold' before using for prod work
A54: EMP_Feces_minich_76_s003_a03_M_263 | B54: 699678 | D54: 94 | E54: 2856 | F54: 5 | G54: 43364.238 | H54: 43364.264 | I54: 37 | J54: Agilent_GC_MS_02 | K54: \\proto-4\Agilent_GC_MS_02\2018_3\EMP_Feces_minich_76_s003_a03_M_263\ | L54: =IF(LEFT(A54,10)="EMP_Feces_",MID(A54,11,FIND("a0",A54,1)-12),"None") -> minich_76_s003 | M54: =IF(NOT(L54="None"),VLOOKUP(L54,'GOLD Name splitout'!$A$1:$B$458,2,FALSE),"None") -> nmdc:bsm-11-5trzvb02 | N54: =VLOOKUP(A54,DMSNameNCBIIDXNLExtract!$A$2:$B$318,2,FALSE) -> SAMEA7723457 | O54: =VLOOKUP(L54,DMSNameNCBIIDXNLExtract!$E$2:$G$1025,2,FALSE) -> SAMEA7723457 | P54: =VLOOKUP(O54,'anc gold to biosample'!$A$2:$B$1025,2,FALSE) -> Gb0315867 | Q54: =VLOOKUP(P54,'anc nmdc ncbi gold'!$A$2:$C$818,2,FALSE) -> nmdc:bsm-11-5trzvb02 | R54: some nmdc biosample ids subject to change, update 'anc nmdc ncbi gold' before using for prod work
A55: EMP_Sch_N_camp1_066_GC | B55: 700580 | C55: ; Auto-switched invalid dataset type from GC to default: GC-MS | D55: 94 | E55: 2856 | F55: 5 | G55: 43370.479 | H55: 43370.505 | I55: 37 | J55: Agilent_GC_MS_02 | K55: \\proto-4\Agilent_GC_MS_02\2018_3\EMP_Sch_N_camp1_066_GC\ | L55: =IF(LEFT(A55,10)="EMP_Feces_",MID(A55,11,FIND("a0",A55,1)-12),"None") -> None | M55: =IF(NOT(L55="None"),VLOOKUP(L55,'GOLD Name splitout'!$A$1:$B$458,2,FALSE),"None") -> None | N55: =VLOOKUP(A55,DMSNameNCBIIDXNLExtract!$A$2:$B$318,2,FALSE) -> SAMEA7724268 | O55: =N55 -> SAMEA7724268 | P55: =VLOOKUP(O55,'anc gold to biosample'!$A$2:$B$1025,2,FALSE) -> Gb0240000 | Q55: =VLOOKUP(P55,'anc nmdc ncbi gold'!$A$2:$C$818,2,FALSE) -> nmdc:bsm-11-5wa43q32 | R55: some nmdc biosample ids subject to change, update 'anc nmdc ncbi gold' before using for prod work
A56: EMP_Feces_song_52_s003_a03_M_151 | B56: 698891 | D56: 94 | E56: 2856 | F56: 5 | G56: 43358.522 | H56: 43358.548 | I56: 37 | J56: Agilent_GC_MS_02 | K56: \\proto-4\Agilent_GC_MS_02\2018_3\EMP_Feces_song_52_s003_a03_M_151\ | L56: =IF(LEFT(A56,10)="EMP_Feces_",MID(A56,11,FIND("a0",A56,1)-12),"None") -> song_52_s003 | M56: =IF(NOT(L56="None"),VLOOKUP(L56,'GOLD Name splitout'!$A$1:$B$458,2,FALSE),"None") -> nmdc:bsm-11-6112pw75 | N56: =VLOOKUP(A56,DMSNameNCBIIDXNLExtract!$A$2:$B$318,2,FALSE) -> #N/A | O56: =VLOOKUP(L56,DMSNameNCBIIDXNLExtract!$E$2:$G$1025,2,FALSE) -> SAMEA7723987 | P56: =VLOOKUP(O56,'anc gold to biosample'!$A$2:$B$1025,2,FALSE) -> Gb0315972 | Q56: =VLOOKUP(P56,'anc nmdc ncbi gold'!$A$2:$C$818,2,FALSE) -> nmdc:bsm-11-6112pw75 | R56: some nmdc biosample ids subject to change, update 'anc nmdc ncbi gold' before using for prod work
A57: EMP_Feces_sandin_54_s011_a03_M_318 | B57: 700245 | D57: 94 | E57: 2856 | F57: 5 | G57: 43367.909 | H57: 43367.935 | I57: 37 | J57: Agilent_GC_MS_02 | K57: \\proto-4\Agilent_GC_MS_02\2018_3\EMP_Feces_sandin_54_s011_a03_M_318\ | L57: =IF(LEFT(A57,10)="EMP_Feces_",MID(A57,11,FIND("a0",A57,1)-12),"None") -> sandin_54_s011 | M57: =IF(NOT(L57="None"),VLOOKUP(L57,'GOLD Name splitout'!$A$1:$B$458,2,FALSE),"None") -> nmdc:bsm-11-61qmpx90 | N57: =VLOOKUP(A57,DMSNameNCBIIDXNLExtract!$A$2:$B$318,2,FALSE) -> SAMEA7723505 | O57: =VLOOKUP(L57,DMSNameNCBIIDXNLExtract!$E$2:$G$1025,2,FALSE) -> SAMEA7723505 | P57: =VLOOKUP(O57,'anc gold to biosample'!$A$2:$B$1025,2,FALSE) -> Gb0315650 | Q57: =VLOOKUP(P57,'anc nmdc ncbi gold'!$A$2:$C$818,2,FALSE) -> nmdc:bsm-11-61qmpx90 | R57: some nmdc biosample ids subject to change, update 'anc nmdc ncbi gold' before using for prod work
A58: EMP_Feces_song_51_s007_a03_M_135 | B58: 698863 | D58: 94 | E58: 2856 | F58: 5 | G58: 43358.049 | H58: 43358.075 | I58: 37 | J58: Agilent_GC_MS_02 | K58: \\proto-4\Agilent_GC_MS_02\2018_3\EMP_Feces_song_51_s007_a03_M_135\ | L58: =IF(LEFT(A58,10)="EMP_Feces_",MID(A58,11,FIND("a0",A58,1)-12),"None") -> song_51_s007 | M58: =IF(NOT(L58="None"),VLOOKUP(L58,'GOLD Name splitout'!$A$1:$B$458,2,FALSE),"None") -> nmdc:bsm-11-66c77129 | N58: =VLOOKUP(A58,DMSNameNCBIIDXNLExtract!$A$2:$B$318,2,FALSE) -> #N/A | O58: =VLOOKUP(L58,DMSNameNCBIIDXNLExtract!$E$2:$G$1025,2,FALSE) -> SAMEA7723977 | P58: =VLOOKUP(O58,'anc gold to biosample'!$A$2:$B$1025,2,FALSE) -> Gb0315962 | Q58: =VLOOKUP(P58,'anc nmdc ncbi gold'!$A$2:$C$818,2,FALSE) -> nmdc:bsm-11-66c77129 | R58: some nmdc biosample ids subject to change, update 'anc nmdc ncbi gold' before using for prod work
A59: EMP_Feces_tucker_58_s001_a03_M_323 | B59: 700255 | D59: 94 | E59: 2856 | F59: 5 | G59: 43368.057 | H59: 43368.083 | I59: 37 | J59: Agilent_GC_MS_02 | K59: \\proto-4\Agilent_GC_MS_02\2018_3\EMP_Feces_tucker_58_s001_a03_M_323\ | L59: =IF(LEFT(A59,10)="EMP_Feces_",MID(A59,11,FIND("a0",A59,1)-12),"None") -> tucker_58_s001 | M59: =IF(NOT(L59="None"),VLOOKUP(L59,'GOLD Name splitout'!$A$1:$B$458,2,FALSE),"None") -> nmdc:bsm-11-66x7j573 | N59: =VLOOKUP(A59,DMSNameNCBIIDXNLExtract!$A$2:$B$318,2,FALSE) -> SAMEA7723735 | O59: =VLOOKUP(L59,DMSNameNCBIIDXNLExtract!$E$2:$G$1025,2,FALSE) -> SAMEA7723735 | P59: =VLOOKUP(O59,'anc gold to biosample'!$A$2:$B$1025,2,FALSE) -> Gb0315454 | Q59: =VLOOKUP(P59,'anc nmdc ncbi gold'!$A$2:$C$818,2,FALSE) -> nmdc:bsm-11-66x7j573 | R59: some nmdc biosample ids subject to change, update 'anc nmdc ncbi gold' before using for prod work
A60: EMP_McR3_12_004_GC | B60: 698238 | C60: ; Auto-switched invalid dataset type from GC to default: GC-MS | D60: 94 | E60: 2856 | F60: 5 | G60: 43353.728 | H60: 43353.754 | I60: 37 | J60: Agilent_GC_MS_02 | K60: \\proto-4\Agilent_GC_MS_02\2018_3\EMP_McR3_12_004_GC\ | L60: McR3_12 | M60: =IF(NOT(L60="None"),VLOOKUP(L60,'GOLD Name splitout'!$A$1:$B$458,2,FALSE),"None") -> nmdc:bsm-11-67mbca64 | N60: =VLOOKUP(A60,DMSNameNCBIIDXNLExtract!$A$2:$B$318,2,FALSE) -> SAMEA7724118 | O60: =VLOOKUP(L60,DMSNameNCBIIDXNLExtract!$E$2:$G$1025,2,FALSE) -> SAMEA7724118 | P60: =VLOOKUP(O60,'anc gold to biosample'!$A$2:$B$1025,2,FALSE) -> Gb0239964 | Q60: =VLOOKUP(P60,'anc nmdc ncbi gold'!$A$2:$C$818,2,FALSE) -> nmdc:bsm-11-67mbca64 | R60: some nmdc biosample ids subject to change, update 'anc nmdc ncbi gold' before using for prod work
A61: EMP_McR3_1_008_GC | B61: 698246 | C61: ; Auto-switched invalid dataset type from GC to default: GC-MS | D61: 94 | E61: 2856 | F61: 5 | G61: 43353.846 | H61: 43353.872 | I61: 37 | J61: Agilent_GC_MS_02 | K61: \\proto-4\Agilent_GC_MS_02\2018_3\EMP_McR3_1_008_GC\ | L61: McR3_1 | M61: =IF(NOT(L61="None"),VLOOKUP(L61,'GOLD Name splitout'!$A$1:$B$458,2,FALSE),"None") -> nmdc:bsm-11-68nyxy83 | N61: =VLOOKUP(A61,DMSNameNCBIIDXNLExtract!$A$2:$B$318,2,FALSE) -> SAMEA7724107 | O61: =VLOOKUP(L61,DMSNameNCBIIDXNLExtract!$E$2:$G$1025,2,FALSE) -> SAMEA7724107 | P61: =VLOOKUP(O61,'anc gold to biosample'!$A$2:$B$1025,2,FALSE) -> Gb0239953 | Q61: =VLOOKUP(P61,'anc nmdc ncbi gold'!$A$2:$C$818,2,FALSE) -> nmdc:bsm-11-68nyxy83 | R61: some nmdc biosample ids subject to change, update 'anc nmdc ncbi gold' before using for prod work
A62: EMP_Feces_thomas_18_s051_a03_M_041 | B62: 698351 | D62: 94 | E62: 2856 | F62: 5 | G62: 43354.915 | H62: 43354.941 | I62: 37 | J62: Agilent_GC_MS_02 | K62: \\proto-4\Agilent_GC_MS_02\2018_3\EMP_Feces_thomas_18_s051_a03_M_041\ | L62: =IF(LEFT(A62,10)="EMP_Feces_",MID(A62,11,FIND("a0",A62,1)-12),"None") -> thomas_18_s051 | M62: =IF(NOT(L62="None"),VLOOKUP(L62,'GOLD Name splitout'!$A$1:$B$458,2,FALSE),"None") -> nmdc:bsm-11-69qw4z81 | N62: =VLOOKUP(A62,DMSNameNCBIIDXNLExtract!$A$2:$B$318,2,FALSE) -> SAMEA7723728 | O62: =VLOOKUP(L62,DMSNameNCBIIDXNLExtract!$E$2:$G$1025,2,FALSE) -> SAMEA7723728 | P62: =VLOOKUP(O62,'anc gold to biosample'!$A$2:$B$1025,2,FALSE) -> Gb0315840 | Q62: =VLOOKUP(P62,'anc nmdc ncbi gold'!$A$2:$C$818,2,FALSE) -> nmdc:bsm-11-69qw4z81 | R62: some nmdc biosample ids subject to change, update 'anc nmdc ncbi gold' before using for prod work
A63: EMP_Sdf_P1_2_076_GC | B63: 700756 | C63: ; Auto-switched invalid dataset type from GC to default: GC-MS | D63: 94 | E63: 2856 | F63: 5 | G63: 43370.919 | H63: 43370.945 | I63: 37 | J63: Agilent_GC_MS_02 | K63: \\proto-4\Agilent_GC_MS_02\2018_3\EMP_Sdf_P1_2_076_GC\ | L63: =IF(LEFT(A63,10)="EMP_Feces_",MID(A63,11,FIND("a0",A63,1)-12),"None") -> None | M63: =IF(NOT(L63="None"),VLOOKUP(L63,'GOLD Name splitout'!$A$1:$B$458,2,FALSE),"None") -> None | N63: =VLOOKUP(A63,DMSNameNCBIIDXNLExtract!$A$2:$B$318,2,FALSE) -> SAMEA7724291 | O63: =N63 -> SAMEA7724291 | P63: =VLOOKUP(O63,'anc gold to biosample'!$A$2:$B$1025,2,FALSE) -> Gb0240018 | Q63: =VLOOKUP(P63,'anc nmdc ncbi gold'!$A$2:$C$818,2,FALSE) -> nmdc:bsm-11-6f7spm34 | R63: some nmdc biosample ids subject to change, update 'anc nmdc ncbi gold' before using for prod work
A64: EMP_Feces_berry_2_s017_a03_M_006 | B64: 697929 | D64: 94 | E64: 2856 | F64: 5 | G64: 43350.831 | H64: 43350.857 | I64: 37 | J64: Agilent_GC_MS_02 | K64: \\proto-4\Agilent_GC_MS_02\2018_3\EMP_Feces_berry_2_s017_a03_M_006\ | L64: =IF(LEFT(A64,10)="EMP_Feces_",MID(A64,11,FIND("a0",A64,1)-12),"None") -> berry_2_s017 | M64: =IF(NOT(L64="None"),VLOOKUP(L64,'GOLD Name splitout'!$A$1:$B$458,2,FALSE),"None") -> nmdc:bsm-11-6kwr5c04 | N64: =VLOOKUP(A64,DMSNameNCBIIDXNLExtract!$A$2:$B$318,2,FALSE) -> SAMEA7723603 | O64: =VLOOKUP(L64,DMSNameNCBIIDXNLExtract!$E$2:$G$1025,2,FALSE) -> SAMEA7723603 | P64: =VLOOKUP(O64,'anc gold to biosample'!$A$2:$B$1025,2,FALSE) -> Gb0315762 | Q64: =VLOOKUP(P64,'anc nmdc ncbi gold'!$A$2:$C$818,2,FALSE) -> nmdc:bsm-11-6kwr5c04 | R64: some nmdc biosample ids subject to change, update 'anc nmdc ncbi gold' before using for prod work
A65: EMP_Feces_bittleston_68_s010_a02_M_352 | B65: 700393 | D65: 94 | E65: 2856 | F65: 5 | G65: 43369.001 | H65: 43369.027 | I65: 37 | J65: Agilent_GC_MS_02 | K65: \\proto-4\Agilent_GC_MS_02\2018_3\EMP_Feces_bittleston_68_s010_a02_M_352\ | L65: =IF(LEFT(A65,10)="EMP_Feces_",MID(A65,11,FIND("a0",A65,1)-12),"None") -> bittleston_68_s010 | M65: =IF(NOT(L65="None"),VLOOKUP(L65,'GOLD Name splitout'!$A$1:$B$458,2,FALSE),"None") -> nmdc:bsm-11-6qn0yc72 | N65: =VLOOKUP(A65,DMSNameNCBIIDXNLExtract!$A$2:$B$318,2,FALSE) -> #N/A | O65: =VLOOKUP(L65,DMSNameNCBIIDXNLExtract!$E$2:$G$1025,2,FALSE) -> SAMEA7723866 | P65: =VLOOKUP(O65,'anc gold to biosample'!$A$2:$B$1025,2,FALSE) -> Gb0315735 | Q65: =VLOOKUP(P65,'anc nmdc ncbi gold'!$A$2:$C$818,2,FALSE) -> nmdc:bsm-11-6qn0yc72 | R65: some nmdc biosample ids subject to change, update 'anc nmdc ncbi gold' before using for prod work
A66: EMP_Feces_bittleston_68_s011_a02_M_353 | B66: 700395 | D66: 94 | E66: 2856 | F66: 5 | G66: 43369.031 | H66: 43369.057 | I66: 37 | J66: Agilent_GC_MS_02 | K66: \\proto-4\Agilent_GC_MS_02\2018_3\EMP_Feces_bittleston_68_s011_a02_M_353\ | L66: =IF(LEFT(A66,10)="EMP_Feces_",MID(A66,11,FIND("a0",A66,1)-12),"None") -> bittleston_68_s011 | M66: =IF(NOT(L66="None"),VLOOKUP(L66,'GOLD Name splitout'!$A$1:$B$458,2,FALSE),"None") -> nmdc:bsm-11-6qp0cj90 | N66: =VLOOKUP(A66,DMSNameNCBIIDXNLExtract!$A$2:$B$318,2,FALSE) -> #N/A | O66: =VLOOKUP(L66,DMSNameNCBIIDXNLExtract!$E$2:$G$1025,2,FALSE) -> SAMEA7723867 | P66: =VLOOKUP(O66,'anc gold to biosample'!$A$2:$B$1025,2,FALSE) -> Gb0315736 | Q66: =VLOOKUP(P66,'anc nmdc ncbi gold'!$A$2:$C$818,2,FALSE) -> nmdc:bsm-11-6qp0cj90 | R66: some nmdc biosample ids subject to change, update 'anc nmdc ncbi gold' before using for prod work
A67: EMP_Feces_thomas_18_s009_a03_M_039 | B67: 698348 | D67: 94 | E67: 2856 | F67: 5 | G67: 43354.855 | H67: 43354.881 | I67: 37 | J67: Agilent_GC_MS_02 | K67: \\proto-4\Agilent_GC_MS_02\2018_3\EMP_Feces_thomas_18_s009_a03_M_039\ | L67: =IF(LEFT(A67,10)="EMP_Feces_",MID(A67,11,FIND("a0",A67,1)-12),"None") -> thomas_18_s009 | M67: =IF(NOT(L67="None"),VLOOKUP(L67,'GOLD Name splitout'!$A$1:$B$458,2,FALSE),"None") -> nmdc:bsm-11-6zvasb85 | N67: =VLOOKUP(A67,DMSNameNCBIIDXNLExtract!$A$2:$B$318,2,FALSE) -> #N/A | O67: =VLOOKUP(L67,DMSNameNCBIIDXNLExtract!$E$2:$G$1025,2,FALSE) -> SAMEA7724011 | P67: =VLOOKUP(O67,'anc gold to biosample'!$A$2:$B$1025,2,FALSE) -> Gb0315850 | Q67: =VLOOKUP(P67,'anc nmdc ncbi gold'!$A$2:$C$818,2,FALSE) -> nmdc:bsm-11-6zvasb85 | R67: some nmdc biosample ids subject to change, update 'anc nmdc ncbi gold' before using for prod work
A68: EMP_Feces_metcalf_40_s006_a03_M_071 | B68: 698481 | D68: 94 | E68: 2856 | F68: 5 | G68: 43355.919 | H68: 43355.945 | I68: 37 | J68: Agilent_GC_MS_02 | K68: \\proto-4\Agilent_GC_MS_02\2018_3\EMP_Feces_metcalf_40_s006_a03_M_071\ | L68: =IF(LEFT(A68,10)="EMP_Feces_",MID(A68,11,FIND("a0",A68,1)-12),"None") -> metcalf_40_s006 | M68: =IF(NOT(L68="None"),VLOOKUP(L68,'GOLD Name splitout'!$A$1:$B$458,2,FALSE),"None") -> #N/A | N68: =VLOOKUP(A68,DMSNameNCBIIDXNLExtract!$A$2:$B$318,2,FALSE) -> SAMEA7723447 | O68: =VLOOKUP(L68,DMSNameNCBIIDXNLExtract!$E$2:$G$1025,2,FALSE) -> SAMEA7723447 | P68: =VLOOKUP(O68,'anc gold to biosample'!$A$2:$B$1025,2,FALSE) -> Gb0240059 | Q68: =VLOOKUP(P68,'anc nmdc ncbi gold'!$A$2:$C$818,2,FALSE) -> nmdc:bsm-11-6zyhx023 | R68: some nmdc biosample ids subject to change, update 'anc nmdc ncbi gold' before using for prod work
A69: EMP_Sdf_PP2_10_078_GC | B69: 700762 | C69: ; Auto-switched invalid dataset type from GC to default: GC-MS | D69: 94 | E69: 2856 | F69: 5 | G69: 43370.978 | H69: 43371.005 | I69: 37 | J69: Agilent_GC_MS_02 | K69: \\proto-4\Agilent_GC_MS_02\2018_3\EMP_Sdf_PP2_10_078_GC\ | L69: =IF(LEFT(A69,10)="EMP_Feces_",MID(A69,11,FIND("a0",A69,1)-12),"None") -> None | M69: =IF(NOT(L69="None"),VLOOKUP(L69,'GOLD Name splitout'!$A$1:$B$458,2,FALSE),"None") -> None | N69: =VLOOKUP(A69,DMSNameNCBIIDXNLExtract!$A$2:$B$318,2,FALSE) -> SAMEA7724295 | O69: =N69 -> SAMEA7724295 | P69: =VLOOKUP(O69,'anc gold to biosample'!$A$2:$B$1025,2,FALSE) -> Gb0240016 | Q69: =VLOOKUP(P69,'anc nmdc ncbi gold'!$A$2:$C$818,2,FALSE) -> nmdc:bsm-11-72f2yc02 | R69: some nmdc biosample ids subject to change, update 'anc nmdc ncbi gold' before using for prod work
A70: EMP_Feces_distel_72_s011_a03_M_234 | B70: 699509 | D70: 94 | E70: 2856 | F70: 5 | G70: 43363.262 | H70: 43363.288 | I70: 37 | J70: Agilent_GC_MS_02 | K70: \\proto-4\Agilent_GC_MS_02\2018_3\EMP_Feces_distel_72_s011_a03_M_234\ | L70: =IF(LEFT(A70,10)="EMP_Feces_",MID(A70,11,FIND("a0",A70,1)-12),"None") -> distel_72_s011 | M70: =IF(NOT(L70="None"),VLOOKUP(L70,'GOLD Name splitout'!$A$1:$B$458,2,FALSE),"None") -> nmdc:bsm-11-782xf659 | N70: =VLOOKUP(A70,DMSNameNCBIIDXNLExtract!$A$2:$B$318,2,FALSE) -> SAMEA7723408 | O70: =VLOOKUP(L70,DMSNameNCBIIDXNLExtract!$E$2:$G$1025,2,FALSE) -> SAMEA7723408 | P70: =VLOOKUP(O70,'anc gold to biosample'!$A$2:$B$1025,2,FALSE) -> Gb0315782 | Q70: =VLOOKUP(P70,'anc nmdc ncbi gold'!$A$2:$C$818,2,FALSE) -> nmdc:bsm-11-782xf659 | R70: some nmdc biosample ids subject to change, update 'anc nmdc ncbi gold' before using for prod work
A71: EMP_Feces_bittleston_68_s002_a02_M_191 | B71: 699275 | D71: 94 | E71: 2856 | F71: 5 | G71: 43361.872 | H71: 43361.898 | I71: 37 | J71: Agilent_GC_MS_02 | K71: \\proto-4\Agilent_GC_MS_02\2018_3\EMP_Feces_bittleston_68_s002_a02_M_191\ | L71: =IF(LEFT(A71,10)="EMP_Feces_",MID(A71,11,FIND("a0",A71,1)-12),"None") -> bittleston_68_s002 | M71: =IF(NOT(L71="None"),VLOOKUP(L71,'GOLD Name splitout'!$A$1:$B$458,2,FALSE),"None") -> nmdc:bsm-11-799beb21 | N71: =VLOOKUP(A71,DMSNameNCBIIDXNLExtract!$A$2:$B$318,2,FALSE) -> #N/A | O71: =VLOOKUP(L71,DMSNameNCBIIDXNLExtract!$E$2:$G$1025,2,FALSE) -> SAMEA7723858 | P71: =VLOOKUP(O71,'anc gold to biosample'!$A$2:$B$1025,2,FALSE) -> Gb0315727 | Q71: =VLOOKUP(P71,'anc nmdc ncbi gold'!$A$2:$C$818,2,FALSE) -> nmdc:bsm-11-799beb21 | R71: some nmdc biosample ids subject to change, update 'anc nmdc ncbi gold' before using for prod work
A72: EMP_Feces_song_52_s008_a03_M_156 | B72: 699156 | D72: 94 | E72: 2856 | F72: 5 | G72: 43360.72 | H72: 43360.746 | I72: 37 | J72: Agilent_GC_MS_02 | K72: \\proto-4\Agilent_GC_MS_02\2018_3\EMP_Feces_song_52_s008_a03_M_156\ | L72: =IF(LEFT(A72,10)="EMP_Feces_",MID(A72,11,FIND("a0",A72,1)-12),"None") -> song_52_s008 | M72: =IF(NOT(L72="None"),VLOOKUP(L72,'GOLD Name splitout'!$A$1:$B$458,2,FALSE),"None") -> nmdc:bsm-11-7gazy832 | N72: =VLOOKUP(A72,DMSNameNCBIIDXNLExtract!$A$2:$B$318,2,FALSE) -> SAMEA7723522 | O72: =VLOOKUP(L72,DMSNameNCBIIDXNLExtract!$E$2:$G$1025,2,FALSE) -> SAMEA7723522 | P72: =VLOOKUP(O72,'anc gold to biosample'!$A$2:$B$1025,2,FALSE) -> Gb0315880 | Q72: =VLOOKUP(P72,'anc nmdc ncbi gold'!$A$2:$C$818,2,FALSE) -> nmdc:bsm-11-7gazy832 | R72: some nmdc biosample ids subject to change, update 'anc nmdc ncbi gold' before using for prod work
A73: EMP_Feces_bittleston_68_s006_a02_M_348 | B73: 700386 | D73: 94 | E73: 2856 | F73: 5 | G73: 43368.883 | H73: 43368.909 | I73: 37 | J73: Agilent_GC_MS_02 | K73: \\proto-4\Agilent_GC_MS_02\2018_3\EMP_Feces_bittleston_68_s006_a02_M_348\ | L73: =IF(LEFT(A73,10)="EMP_Feces_",MID(A73,11,FIND("a0",A73,1)-12),"None") -> bittleston_68_s006 | M73: =IF(NOT(L73="None"),VLOOKUP(L73,'GOLD Name splitout'!$A$1:$B$458,2,FALSE),"None") -> nmdc:bsm-11-7gr9e189 | N73: =VLOOKUP(A73,DMSNameNCBIIDXNLExtract!$A$2:$B$318,2,FALSE) -> #N/A | O73: =VLOOKUP(L73,DMSNameNCBIIDXNLExtract!$E$2:$G$1025,2,FALSE) -> SAMEA7723862 | P73: =VLOOKUP(O73,'anc gold to biosample'!$A$2:$B$1025,2,FALSE) -> Gb0315731 | Q73: =VLOOKUP(P73,'anc nmdc ncbi gold'!$A$2:$C$818,2,FALSE) -> nmdc:bsm-11-7gr9e189 | R73: some nmdc biosample ids subject to change, update 'anc nmdc ncbi gold' before using for prod work
A74: EMP_Feces_berry_2_s008_a03_M_096 | B74: 698761 | D74: 94 | E74: 2856 | F74: 5 | G74: 43356.776 | H74: 43356.802 | I74: 37 | J74: Agilent_GC_MS_02 | K74: \\proto-4\Agilent_GC_MS_02\2018_3\EMP_Feces_berry_2_s008_a03_M_096\ | L74: =IF(LEFT(A74,10)="EMP_Feces_",MID(A74,11,FIND("a0",A74,1)-12),"None") -> berry_2_s008 | M74: =IF(NOT(L74="None"),VLOOKUP(L74,'GOLD Name splitout'!$A$1:$B$458,2,FALSE),"None") -> nmdc:bsm-11-7jnf7s04 | N74: =VLOOKUP(A74,DMSNameNCBIIDXNLExtract!$A$2:$B$318,2,FALSE) -> SAMEA7723394 | O74: =VLOOKUP(L74,DMSNameNCBIIDXNLExtract!$E$2:$G$1025,2,FALSE) -> SAMEA7723394 | P74: =VLOOKUP(O74,'anc gold to biosample'!$A$2:$B$1025,2,FALSE) -> Gb0315747 | Q74: =VLOOKUP(P74,'anc nmdc ncbi gold'!$A$2:$C$818,2,FALSE) -> nmdc:bsm-11-7jnf7s04 | R74: some nmdc biosample ids subject to change, update 'anc nmdc ncbi gold' before using for prod work
A75: EMP_Feces_girguis_50_s002_a03_M_118 | B75: 698806 | D75: 94 | E75: 2856 | F75: 5 | G75: 43357.427 | H75: 43357.453 | I75: 37 | J75: Agilent_GC_MS_02 | K75: \\proto-4\Agilent_GC_MS_02\2018_3\EMP_Feces_girguis_50_s002_a03_M_118\ | L75: =IF(LEFT(A75,10)="EMP_Feces_",MID(A75,11,FIND("a0",A75,1)-12),"None") -> girguis_50_s002 | M75: =IF(NOT(L75="None"),VLOOKUP(L75,'GOLD Name splitout'!$A$1:$B$458,2,FALSE),"None") -> nmdc:bsm-11-7kk2qd96 | N75: =VLOOKUP(A75,DMSNameNCBIIDXNLExtract!$A$2:$B$318,2,FALSE) -> SAMEA7723411 | O75: =VLOOKUP(L75,DMSNameNCBIIDXNLExtract!$E$2:$G$1025,2,FALSE) -> SAMEA7723411 | P75: =VLOOKUP(O75,'anc gold to biosample'!$A$2:$B$1025,2,FALSE) -> Gb0315859 | Q75: =VLOOKUP(P75,'anc nmdc ncbi gold'!$A$2:$C$818,2,FALSE) -> nmdc:bsm-11-7kk2qd96 | R75: some nmdc biosample ids subject to change, update 'anc nmdc ncbi gold' before using for prod work
A76: EMP_Stgn_p_t15_12m_102_GC | B76: 701181 | C76: ; Auto-switched invalid dataset type from GC to default: GC-MS | D76: 94 | E76: 2856 | F76: 5 | G76: 43371.688 | H76: 43371.714 | I76: 37 | J76: Agilent_GC_MS_02 | K76: \\proto-4\Agilent_GC_MS_02\2018_3\EMP_Stgn_p_t15_12m_102_GC\ | L76: =IF(LEFT(A76,10)="EMP_Feces_",MID(A76,11,FIND("a0",A76,1)-12),"None") -> None | M76: =IF(NOT(L76="None"),VLOOKUP(L76,'GOLD Name splitout'!$A$1:$B$458,2,FALSE),"None") -> None | N76: =VLOOKUP(A76,DMSNameNCBIIDXNLExtract!$A$2:$B$318,2,FALSE) -> SAMEA7724309 | O76: =N76 -> SAMEA7724309 | P76: =VLOOKUP(O76,'anc gold to biosample'!$A$2:$B$1025,2,FALSE) -> Gb0240023 | Q76: =VLOOKUP(P76,'anc nmdc ncbi gold'!$A$2:$C$818,2,FALSE) -> nmdc:bsm-11-7mscvd47 | R76: some nmdc biosample ids subject to change, update 'anc nmdc ncbi gold' before using for prod work
A77: EMP_Feces_bittleston_68_s003_a02_M_192 | B77: 699279 | D77: 94 | E77: 2856 | F77: 5 | G77: 43361.901 | H77: 43361.927 | I77: 37 | J77: Agilent_GC_MS_02 | K77: \\proto-4\Agilent_GC_MS_02\2018_3\EMP_Feces_bittleston_68_s003_a02_M_192\ | L77: =IF(LEFT(A77,10)="EMP_Feces_",MID(A77,11,FIND("a0",A77,1)-12),"None") -> bittleston_68_s003 | M77: =IF(NOT(L77="None"),VLOOKUP(L77,'GOLD Name splitout'!$A$1:$B$458,2,FALSE),"None") -> nmdc:bsm-11-7nn7sq09 | N77: =VLOOKUP(A77,DMSNameNCBIIDXNLExtract!$A$2:$B$318,2,FALSE) -> #N/A | O77: =VLOOKUP(L77,DMSNameNCBIIDXNLExtract!$E$2:$G$1025,2,FALSE) -> SAMEA7723859 | P77: =VLOOKUP(O77,'anc gold to biosample'!$A$2:$B$1025,2,FALSE) -> Gb0315728 | Q77: =VLOOKUP(P77,'anc nmdc ncbi gold'!$A$2:$C$818,2,FALSE) -> nmdc:bsm-11-7nn7sq09 | R77: some nmdc biosample ids subject to change, update 'anc nmdc ncbi gold' before using for prod work
A78: EMP_Feces_song_53_s002_a03_M_165 | B78: 699175 | D78: 94 | E78: 2856 | F78: 5 | G78: 43360.986 | H78: 43361.012 | I78: 37 | J78: Agilent_GC_MS_02 | K78: \\proto-4\Agilent_GC_MS_02\2018_3\EMP_Feces_song_53_s002_a03_M_165\ | L78: =IF(LEFT(A78,10)="EMP_Feces_",MID(A78,11,FIND("a0",A78,1)-12),"None") -> song_53_s002 | M78: =IF(NOT(L78="None"),VLOOKUP(L78,'GOLD Name splitout'!$A$1:$B$458,2,FALSE),"None") -> nmdc:bsm-11-7rhy8q70 | N78: =VLOOKUP(A78,DMSNameNCBIIDXNLExtract!$A$2:$B$318,2,FALSE) -> SAMEA7723529 | O78: =VLOOKUP(L78,DMSNameNCBIIDXNLExtract!$E$2:$G$1025,2,FALSE) -> SAMEA7723529 | P78: =VLOOKUP(O78,'anc gold to biosample'!$A$2:$B$1025,2,FALSE) -> Gb0315887 | Q78: =VLOOKUP(P78,'anc nmdc ncbi gold'!$A$2:$C$818,2,FALSE) -> nmdc:bsm-11-7rhy8q70 | R78: some nmdc biosample ids subject to change, update 'anc nmdc ncbi gold' before using for prod work
A79: EMP_Feces_bittleston_68_s001_a02_M_190 | B79: 699272 | D79: 94 | E79: 2856 | F79: 5 | G79: 43361.842 | H79: 43361.868 | I79: 37 | J79: Agilent_GC_MS_02 | K79: \\proto-4\Agilent_GC_MS_02\2018_3\EMP_Feces_bittleston_68_s001_a02_M_190\ | L79: =IF(LEFT(A79,10)="EMP_Feces_",MID(A79,11,FIND("a0",A79,1)-12),"None") -> bittleston_68_s001 | M79: =IF(NOT(L79="None"),VLOOKUP(L79,'GOLD Name splitout'!$A$1:$B$458,2,FALSE),"None") -> nmdc:bsm-11-7wed9914 | N79: =VLOOKUP(A79,DMSNameNCBIIDXNLExtract!$A$2:$B$318,2,FALSE) -> #N/A | O79: =VLOOKUP(L79,DMSNameNCBIIDXNLExtract!$E$2:$G$1025,2,FALSE) -> SAMEA7723857 | P79: =VLOOKUP(O79,'anc gold to biosample'!$A$2:$B$1025,2,FALSE) -> Gb0315726 | Q79: =VLOOKUP(P79,'anc nmdc ncbi gold'!$A$2:$C$818,2,FALSE) -> nmdc:bsm-11-7wed9914 | R79: some nmdc biosample ids subject to change, update 'anc nmdc ncbi gold' before using for prod work
A80: EMP_Feces_mayer_33_s006_a03_M_078 | B80: 698500 | D80: 94 | E80: 2856 | F80: 5 | G80: 43356.126 | H80: 43356.152 | I80: 37 | J80: Agilent_GC_MS_02 | K80: \\proto-4\Agilent_GC_MS_02\2018_3\EMP_Feces_mayer_33_s006_a03_M_078\ | L80: =IF(LEFT(A80,10)="EMP_Feces_",MID(A80,11,FIND("a0",A80,1)-12),"None") -> mayer_33_s006 | M80: =IF(NOT(L80="None"),VLOOKUP(L80,'GOLD Name splitout'!$A$1:$B$458,2,FALSE),"None") -> nmdc:bsm-11-81chfb41 | N80: =VLOOKUP(A80,DMSNameNCBIIDXNLExtract!$A$2:$B$318,2,FALSE) -> #N/A | O80: =VLOOKUP(L80,DMSNameNCBIIDXNLExtract!$E$2:$G$1025,2,FALSE) -> SAMEA7723909 | P80: =VLOOKUP(O80,'anc gold to biosample'!$A$2:$B$1025,2,FALSE) -> Gb0315775 | Q80: =VLOOKUP(P80,'anc nmdc ncbi gold'!$A$2:$C$818,2,FALSE) -> nmdc:bsm-11-81chfb41 | R80: some nmdc biosample ids subject to change, update 'anc nmdc ncbi gold' before using for prod work
A81: EMP_Sdf_PP3_12_081_GC | B81: 700771 | C81: ; Auto-switched invalid dataset type from GC to default: GC-MS | D81: 94 | E81: 2856 | F81: 5 | G81: 43371.067 | H81: 43371.093 | I81: 37 | J81: Agilent_GC_MS_02 | K81: \\proto-4\Agilent_GC_MS_02\2018_3\EMP_Sdf_PP3_12_081_GC\ | L81: =IF(LEFT(A81,10)="EMP_Feces_",MID(A81,11,FIND("a0",A81,1)-12),"None") -> None | M81: =IF(NOT(L81="None"),VLOOKUP(L81,'GOLD Name splitout'!$A$1:$B$458,2,FALSE),"None") -> None | N81: =VLOOKUP(A81,DMSNameNCBIIDXNLExtract!$A$2:$B$318,2,FALSE) -> SAMEA7724296 | O81: =N81 -> SAMEA7724296 | P81: =VLOOKUP(O81,'anc gold to biosample'!$A$2:$B$1025,2,FALSE) -> Gb0240017 | Q81: =VLOOKUP(P81,'anc nmdc ncbi gold'!$A$2:$C$818,2,FALSE) -> nmdc:bsm-11-823zf212 | R81: some nmdc biosample ids subject to change, update 'anc nmdc ncbi gold' before using for prod work
A82: EMP_Sdf_PP1_8_082_GC | B82: 700773 | C82: ; Auto-switched invalid dataset type from GC to default: GC-MS | D82: 94 | E82: 2856 | F82: 5 | G82: 43371.097 | H82: 43371.123 | I82: 37 | J82: Agilent_GC_MS_02 | K82: \\proto-4\Agilent_GC_MS_02\2018_3\EMP_Sdf_PP1_8_082_GC\ | L82: =IF(LEFT(A82,10)="EMP_Feces_",MID(A82,11,FIND("a0",A82,1)-12),"None") -> None | M82: =IF(NOT(L82="None"),VLOOKUP(L82,'GOLD Name splitout'!$A$1:$B$458,2,FALSE),"None") -> None | N82: =VLOOKUP(A82,DMSNameNCBIIDXNLExtract!$A$2:$B$318,2,FALSE) -> SAMEA7724294 | O82: =N82 -> SAMEA7724294 | P82: =VLOOKUP(O82,'anc gold to biosample'!$A$2:$B$1025,2,FALSE) -> Gb0240015 | Q82: =VLOOKUP(P82,'anc nmdc ncbi gold'!$A$2:$C$818,2,FALSE) -> nmdc:bsm-11-89q03t84 | R82: some nmdc biosample ids subject to change, update 'anc nmdc ncbi gold' before using for prod work
A83: EMP_Feces_thomas_18_s012_a03_M_037 | B83: 698342 | D83: 94 | E83: 2856 | F83: 5 | G83: 43354.796 | H83: 43354.822 | I83: 37 | J83: Agilent_GC_MS_02 | K83: \\proto-4\Agilent_GC_MS_02\2018_3\EMP_Feces_thomas_18_s012_a03_M_037\ | L83: =IF(LEFT(A83,10)="EMP_Feces_",MID(A83,11,FIND("a0",A83,1)-12),"None") -> thomas_18_s012 | M83: =IF(NOT(L83="None"),VLOOKUP(L83,'GOLD Name splitout'!$A$1:$B$458,2,FALSE),"None") -> nmdc:bsm-11-8a9nh559 | N83: =VLOOKUP(A83,DMSNameNCBIIDXNLExtract!$A$2:$B$318,2,FALSE) -> SAMEA7723695 | O83: =VLOOKUP(L83,DMSNameNCBIIDXNLExtract!$E$2:$G$1025,2,FALSE) -> SAMEA7723695 | P83: =VLOOKUP(O83,'anc gold to biosample'!$A$2:$B$1025,2,FALSE) -> Gb0315807 | Q83: =VLOOKUP(P83,'anc nmdc ncbi gold'!$A$2:$C$818,2,FALSE) -> nmdc:bsm-11-8a9nh559 | R83: some nmdc biosample ids subject to change, update 'anc nmdc ncbi gold' before using for prod work
A84: EMP_Feces_minich_76_s001_a03_M_261 | B84: 699674 | D84: 94 | E84: 2856 | F84: 5 | G84: 43364.178 | H84: 43364.205 | I84: 37 | J84: Agilent_GC_MS_02 | K84: \\proto-4\Agilent_GC_MS_02\2018_3\EMP_Feces_minich_76_s001_a03_M_261\ | L84: =IF(LEFT(A84,10)="EMP_Feces_",MID(A84,11,FIND("a0",A84,1)-12),"None") -> minich_76_s001 | M84: =IF(NOT(L84="None"),VLOOKUP(L84,'GOLD Name splitout'!$A$1:$B$458,2,FALSE),"None") -> nmdc:bsm-11-8c18wc38 | N84: =VLOOKUP(A84,DMSNameNCBIIDXNLExtract!$A$2:$B$318,2,FALSE) -> SAMEA7723455 | O84: =VLOOKUP(L84,DMSNameNCBIIDXNLExtract!$E$2:$G$1025,2,FALSE) -> SAMEA7723455 | P84: =VLOOKUP(O84,'anc gold to biosample'!$A$2:$B$1025,2,FALSE) -> Gb0315865 | Q84: =VLOOKUP(P84,'anc nmdc ncbi gold'!$A$2:$C$818,2,FALSE) -> nmdc:bsm-11-8c18wc38 | R84: some nmdc biosample ids subject to change, update 'anc nmdc ncbi gold' before using for prod work
A85: EMP_Feces_angenent_65_s006_a03_M_188 | B85: 699267 | D85: 94 | E85: 2856 | F85: 5 | G85: 43361.783 | H85: 43361.809 | I85: 37 | J85: Agilent_GC_MS_02 | K85: \\proto-4\Agilent_GC_MS_02\2018_3\EMP_Feces_angenent_65_s006_a03_M_188\ | L85: =IF(LEFT(A85,10)="EMP_Feces_",MID(A85,11,FIND("a0",A85,1)-12),"None") -> angenent_65_s006 | M85: =IF(NOT(L85="None"),VLOOKUP(L85,'GOLD Name splitout'!$A$1:$B$458,2,FALSE),"None") -> nmdc:bsm-11-8e432w27 | N85: =VLOOKUP(A85,DMSNameNCBIIDXNLExtract!$A$2:$B$318,2,FALSE) -> #N/A | O85: =VLOOKUP(L85,DMSNameNCBIIDXNLExtract!$E$2:$G$1025,2,FALSE) -> SAMEA7723848 | P85: =VLOOKUP(O85,'anc gold to biosample'!$A$2:$B$1025,2,FALSE) -> Gb0315438 | Q85: =VLOOKUP(P85,'anc nmdc ncbi gold'!$A$2:$C$818,2,FALSE) -> nmdc:bsm-11-8e432w27 | R85: some nmdc biosample ids subject to change, update 'anc nmdc ncbi gold' before using for prod work
A86: EMP_Feces_uren_82_s001_a03_M_308 | B86: 699787 | D86: 94 | E86: 2856 | F86: 5 | G86: 43365.687 | H86: 43365.713 | I86: 37 | J86: Agilent_GC_MS_02 | K86: \\proto-4\Agilent_GC_MS_02\2018_3\EMP_Feces_uren_82_s001_a03_M_308\ | L86: =IF(LEFT(A86,10)="EMP_Feces_",MID(A86,11,FIND("a0",A86,1)-12),"None") -> uren_82_s001 | M86: =IF(NOT(L86="None"),VLOOKUP(L86,'GOLD Name splitout'!$A$1:$B$458,2,FALSE),"None") -> nmdc:bsm-11-8fbm4j90 | N86: =VLOOKUP(A86,DMSNameNCBIIDXNLExtract!$A$2:$B$318,2,FALSE) -> SAMEA7723551 | O86: =VLOOKUP(L86,DMSNameNCBIIDXNLExtract!$E$2:$G$1025,2,FALSE) -> SAMEA7723551 | P86: =VLOOKUP(O86,'anc gold to biosample'!$A$2:$B$1025,2,FALSE) -> Gb0315690 | Q86: =VLOOKUP(P86,'anc nmdc ncbi gold'!$A$2:$C$818,2,FALSE) -> nmdc:bsm-11-8fbm4j90 | R86: some nmdc biosample ids subject to change, update 'anc nmdc ncbi gold' before using for prod work
A87: EMP_Feces_song_51_s010_a03_M_138 | B87: 698867 | D87: 94 | E87: 2856 | F87: 5 | G87: 43358.137 | H87: 43358.163 | I87: 37 | J87: Agilent_GC_MS_02 | K87: \\proto-4\Agilent_GC_MS_02\2018_3\EMP_Feces_song_51_s010_a03_M_138\ | L87: =IF(LEFT(A87,10)="EMP_Feces_",MID(A87,11,FIND("a0",A87,1)-12),"None") -> song_51_s010 | M87: =IF(NOT(L87="None"),VLOOKUP(L87,'GOLD Name splitout'!$A$1:$B$458,2,FALSE),"None") -> nmdc:bsm-11-8pwwr630 | N87: =VLOOKUP(A87,DMSNameNCBIIDXNLExtract!$A$2:$B$318,2,FALSE) -> #N/A | O87: =VLOOKUP(L87,DMSNameNCBIIDXNLExtract!$E$2:$G$1025,2,FALSE) -> SAMEA7723979 | P87: =VLOOKUP(O87,'anc gold to biosample'!$A$2:$B$1025,2,FALSE) -> Gb0315964 | Q87: =VLOOKUP(P87,'anc nmdc ncbi gold'!$A$2:$C$818,2,FALSE) -> nmdc:bsm-11-8pwwr630 | R87: some nmdc biosample ids subject to change, update 'anc nmdc ncbi gold' before using for prod work
A88: EMP_Feces_thomas_18_s036_a03_M_033 | B88: 698334 | D88: 94 | E88: 2856 | F88: 5 | G88: 43354.678 | H88: 43354.704 | I88: 37 | J88: Agilent_GC_MS_02 | K88: \\proto-4\Agilent_GC_MS_02\2018_3\EMP_Feces_thomas_18_s036_a03_M_033\ | L88: =IF(LEFT(A88,10)="EMP_Feces_",MID(A88,11,FIND("a0",A88,1)-12),"None") -> thomas_18_s036 | M88: =IF(NOT(L88="None"),VLOOKUP(L88,'GOLD Name splitout'!$A$1:$B$458,2,FALSE),"None") -> nmdc:bsm-11-8qdykb22 | N88: =VLOOKUP(A88,DMSNameNCBIIDXNLExtract!$A$2:$B$318,2,FALSE) -> SAMEA7723714 | O88: =VLOOKUP(L88,DMSNameNCBIIDXNLExtract!$E$2:$G$1025,2,FALSE) -> SAMEA7723714 | P88: =VLOOKUP(O88,'anc gold to biosample'!$A$2:$B$1025,2,FALSE) -> Gb0315826 | Q88: =VLOOKUP(P88,'anc nmdc ncbi gold'!$A$2:$C$818,2,FALSE) -> nmdc:bsm-11-8qdykb22 | R88: some nmdc biosample ids subject to change, update 'anc nmdc ncbi gold' before using for prod work
A89: EMP_Feces_mayer_34_s007_a03_M_086 | B89: 698527 | D89: 94 | E89: 2856 | F89: 5 | G89: 43356.363 | H89: 43356.389 | I89: 37 | J89: Agilent_GC_MS_02 | K89: \\proto-4\Agilent_GC_MS_02\2018_3\EMP_Feces_mayer_34_s007_a03_M_086\ | L89: =IF(LEFT(A89,10)="EMP_Feces_",MID(A89,11,FIND("a0",A89,1)-12),"None") -> mayer_34_s007 | M89: =IF(NOT(L89="None"),VLOOKUP(L89,'GOLD Name splitout'!$A$1:$B$458,2,FALSE),"None") -> nmdc:bsm-11-8qh0s869 | N89: =VLOOKUP(A89,DMSNameNCBIIDXNLExtract!$A$2:$B$318,2,FALSE) -> #N/A | O89: =VLOOKUP(L89,DMSNameNCBIIDXNLExtract!$E$2:$G$1025,2,FALSE) -> SAMEA7723913 | P89: =VLOOKUP(O89,'anc gold to biosample'!$A$2:$B$1025,2,FALSE) -> Gb0315779 | Q89: =VLOOKUP(P89,'anc nmdc ncbi gold'!$A$2:$C$818,2,FALSE) -> nmdc:bsm-11-8qh0s869 | R89: some nmdc biosample ids subject to change, update 'anc nmdc ncbi gold' before using for prod work
A90: EMP_TDT1_026_GC | B90: 700407 | C90: ; Auto-switched invalid dataset type from GC to default: GC-MS | D90: 94 | E90: 2856 | F90: 5 | G90: 43369.178 | H90: 43369.205 | I90: 37 | J90: Agilent_GC_MS_02 | K90: \\proto-4\Agilent_GC_MS_02\2018_3\EMP_TDT1_026_GC\ | L90: =IF(LEFT(A90,10)="EMP_Feces_",MID(A90,11,FIND("a0",A90,1)-12),"None") -> None | M90: =IF(NOT(L90="None"),VLOOKUP(L90,'GOLD Name splitout'!$A$1:$B$458,2,FALSE),"None") -> None | N90: =VLOOKUP(A90,DMSNameNCBIIDXNLExtract!$A$2:$B$318,2,FALSE) -> SAMEA7724405 | O90: =N90 -> SAMEA7724405 | P90: =VLOOKUP(O90,'anc gold to biosample'!$A$2:$B$1025,2,FALSE) -> Gb0240108 | Q90: =VLOOKUP(P90,'anc nmdc ncbi gold'!$A$2:$C$818,2,FALSE) -> nmdc:bsm-11-8r7d4q55 | R90: some nmdc biosample ids subject to change, update 'anc nmdc ncbi gold' before using for prod work
A91: EMP_Sdf_JP3_22_075_GC | B91: 700752 | C91: ; Auto-switched invalid dataset type from GC to default: GC-MS | D91: 94 | E91: 2856 | F91: 5 | G91: 43370.89 | H91: 43370.916 | I91: 37 | J91: Agilent_GC_MS_02 | K91: \\proto-4\Agilent_GC_MS_02\2018_3\EMP_Sdf_JP3_22_075_GC\ | L91: =IF(LEFT(A91,10)="EMP_Feces_",MID(A91,11,FIND("a0",A91,1)-12),"None") -> None | M91: =IF(NOT(L91="None"),VLOOKUP(L91,'GOLD Name splitout'!$A$1:$B$458,2,FALSE),"None") -> None | N91: =VLOOKUP(A91,DMSNameNCBIIDXNLExtract!$A$2:$B$318,2,FALSE) -> SAMEA7724290 | O91: =N91 -> SAMEA7724290 | P91: =VLOOKUP(O91,'anc gold to biosample'!$A$2:$B$1025,2,FALSE) -> Gb0239940 | Q91: =VLOOKUP(P91,'anc nmdc ncbi gold'!$A$2:$C$818,2,FALSE) -> nmdc:bsm-11-8s8j4g78 | R91: some nmdc biosample ids subject to change, update 'anc nmdc ncbi gold' before using for prod work
A92: EMP_Feces_song_75_s004_a03_M_255 | B92: 699663 | D92: 94 | E92: 2856 | F92: 5 | G92: 43364.001 | H92: 43364.027 | I92: 37 | J92: Agilent_GC_MS_02 | K92: \\proto-4\Agilent_GC_MS_02\2018_3\EMP_Feces_song_75_s004_a03_M_255\ | L92: =IF(LEFT(A92,10)="EMP_Feces_",MID(A92,11,FIND("a0",A92,1)-12),"None") -> song_75_s004 | M92: =IF(NOT(L92="None"),VLOOKUP(L92,'GOLD Name splitout'!$A$1:$B$458,2,FALSE),"None") -> nmdc:bsm-11-8sr7p656 | N92: =VLOOKUP(A92,DMSNameNCBIIDXNLExtract!$A$2:$B$318,2,FALSE) -> SAMEA7723538 | O92: =VLOOKUP(L92,DMSNameNCBIIDXNLExtract!$E$2:$G$1025,2,FALSE) -> SAMEA7723538 | P92: =VLOOKUP(O92,'anc gold to biosample'!$A$2:$B$1025,2,FALSE) -> Gb0315896 | Q92: =VLOOKUP(P92,'anc nmdc ncbi gold'!$A$2:$C$818,2,FALSE) -> nmdc:bsm-11-8sr7p656 | R92: some nmdc biosample ids subject to change, update 'anc nmdc ncbi gold' before using for prod work
A93: EMP_Feces_distel_72_s008_a03_M_232 | B93: 699506 | D93: 94 | E93: 2856 | F93: 5 | G93: 43363.203 | H93: 43363.229 | I93: 37 | J93: Agilent_GC_MS_02 | K93: \\proto-4\Agilent_GC_MS_02\2018_3\EMP_Feces_distel_72_s008_a03_M_232\ | L93: =IF(LEFT(A93,10)="EMP_Feces_",MID(A93,11,FIND("a0",A93,1)-12),"None") -> distel_72_s008 | M93: =IF(NOT(L93="None"),VLOOKUP(L93,'GOLD Name splitout'!$A$1:$B$458,2,FALSE),"None") -> nmdc:bsm-11-8ym8ej29 | N93: =VLOOKUP(A93,DMSNameNCBIIDXNLExtract!$A$2:$B$318,2,FALSE) -> #N/A | O93: =VLOOKUP(L93,DMSNameNCBIIDXNLExtract!$E$2:$G$1025,2,FALSE) -> SAMEA7723886 | P93: =VLOOKUP(O93,'anc gold to biosample'!$A$2:$B$1025,2,FALSE) -> Gb0315786 | Q93: =VLOOKUP(P93,'anc nmdc ncbi gold'!$A$2:$C$818,2,FALSE) -> nmdc:bsm-11-8ym8ej29 | R93: some nmdc biosample ids subject to change, update 'anc nmdc ncbi gold' before using for prod work
A94: EMP_Feces_thomas_18_s043_a03_M_045 | B94: 698357 | D94: 94 | E94: 2856 | F94: 5 | G94: 43355.033 | H94: 43355.059 | I94: 37 | J94: Agilent_GC_MS_02 | K94: \\proto-4\Agilent_GC_MS_02\2018_3\EMP_Feces_thomas_18_s043_a03_M_045\ | L94: =IF(LEFT(A94,10)="EMP_Feces_",MID(A94,11,FIND("a0",A94,1)-12),"None") -> thomas_18_s043 | M94: =IF(NOT(L94="None"),VLOOKUP(L94,'GOLD Name splitout'!$A$1:$B$458,2,FALSE),"None") -> nmdc:bsm-11-8zevcq84 | N94: =VLOOKUP(A94,DMSNameNCBIIDXNLExtract!$A$2:$B$318,2,FALSE) -> SAMEA7723721 | O94: =VLOOKUP(L94,DMSNameNCBIIDXNLExtract!$E$2:$G$1025,2,FALSE) -> SAMEA7723721 | P94: =VLOOKUP(O94,'anc gold to biosample'!$A$2:$B$1025,2,FALSE) -> Gb0315833 | Q94: =VLOOKUP(P94,'anc nmdc ncbi gold'!$A$2:$C$818,2,FALSE) -> nmdc:bsm-11-8zevcq84 | R94: some nmdc biosample ids subject to change, update 'anc nmdc ncbi gold' before using for prod work
A95: EMP_Sch_P_25_4_047_GC | B95: 700544 | C95: ; Auto-switched invalid dataset type from GC to default: GC-MS | D95: 94 | E95: 2856 | F95: 5 | G95: 43369.917 | H95: 43369.943 | I95: 37 | J95: Agilent_GC_MS_02 | K95: \\proto-4\Agilent_GC_MS_02\2018_3\EMP_Sch_P_25_4_047_GC\ | L95: =IF(LEFT(A95,10)="EMP_Feces_",MID(A95,11,FIND("a0",A95,1)-12),"None") -> None | M95: =IF(NOT(L95="None"),VLOOKUP(L95,'GOLD Name splitout'!$A$1:$B$458,2,FALSE),"None") -> None | N95: =VLOOKUP(A95,DMSNameNCBIIDXNLExtract!$A$2:$B$318,2,FALSE) -> SAMEA7724278 | O95: =N95 -> SAMEA7724278 | P95: =VLOOKUP(O95,'anc gold to biosample'!$A$2:$B$1025,2,FALSE) -> Gb0240010 | Q95: =VLOOKUP(P95,'anc nmdc ncbi gold'!$A$2:$C$818,2,FALSE) -> nmdc:bsm-11-915df738 | R95: some nmdc biosample ids subject to change, update 'anc nmdc ncbi gold' before using for prod work
A96: EMP_Feces_song_53_s007_a03_M_170 | B96: 699183 | D96: 94 | E96: 2856 | F96: 5 | G96: 43361.134 | H96: 43361.16 | I96: 37 | J96: Agilent_GC_MS_02 | K96: \\proto-4\Agilent_GC_MS_02\2018_3\EMP_Feces_song_53_s007_a03_M_170\ | L96: =IF(LEFT(A96,10)="EMP_Feces_",MID(A96,11,FIND("a0",A96,1)-12),"None") -> song_53_s007 | M96: =IF(NOT(L96="None"),VLOOKUP(L96,'GOLD Name splitout'!$A$1:$B$458,2,FALSE),"None") -> nmdc:bsm-11-91tmwd33 | N96: =VLOOKUP(A96,DMSNameNCBIIDXNLExtract!$A$2:$B$318,2,FALSE) -> #N/A | O96: =VLOOKUP(L96,DMSNameNCBIIDXNLExtract!$E$2:$G$1025,2,FALSE) -> SAMEA7723993 | P96: =VLOOKUP(O96,'anc gold to biosample'!$A$2:$B$1025,2,FALSE) -> Gb0315978 | Q96: =VLOOKUP(P96,'anc nmdc ncbi gold'!$A$2:$C$818,2,FALSE) -> nmdc:bsm-11-91tmwd33 | R96: some nmdc biosample ids subject to change, update 'anc nmdc ncbi gold' before using for prod work
A97: EMP_Feces_bittleston_68_s012_a02_M_354 | B97: 700398 | D97: 94 | E97: 2856 | F97: 5 | G97: 43369.06 | H97: 43369.086 | I97: 37 | J97: Agilent_GC_MS_02 | K97: \\proto-4\Agilent_GC_MS_02\2018_3\EMP_Feces_bittleston_68_s012_a02_M_354\ | L97: =IF(LEFT(A97,10)="EMP_Feces_",MID(A97,11,FIND("a0",A97,1)-12),"None") -> bittleston_68_s012 | M97: =IF(NOT(L97="None"),VLOOKUP(L97,'GOLD Name splitout'!$A$1:$B$458,2,FALSE),"None") -> nmdc:bsm-11-9484e072 | N97: =VLOOKUP(A97,DMSNameNCBIIDXNLExtract!$A$2:$B$318,2,FALSE) -> #N/A | O97: =VLOOKUP(L97,DMSNameNCBIIDXNLExtract!$E$2:$G$1025,2,FALSE) -> SAMEA7723868 | P97: =VLOOKUP(O97,'anc gold to biosample'!$A$2:$B$1025,2,FALSE) -> Gb0315737 | Q97: =VLOOKUP(P97,'anc nmdc ncbi gold'!$A$2:$C$818,2,FALSE) -> nmdc:bsm-11-9484e072 | R97: some nmdc biosample ids subject to change, update 'anc nmdc ncbi gold' before using for prod work
A98: EMP_Feces_mayer_33_s003_a03_M_196 | B98: 699291 | D98: 94 | E98: 2856 | F98: 5 | G98: 43362.02 | H98: 43362.046 | I98: 37 | J98: Agilent_GC_MS_02 | K98: \\proto-4\Agilent_GC_MS_02\2018_3\EMP_Feces_mayer_33_s003_a03_M_196\ | L98: =IF(LEFT(A98,10)="EMP_Feces_",MID(A98,11,FIND("a0",A98,1)-12),"None") -> mayer_33_s003 | M98: =IF(NOT(L98="None"),VLOOKUP(L98,'GOLD Name splitout'!$A$1:$B$458,2,FALSE),"None") -> nmdc:bsm-11-9618bz78 | N98: =VLOOKUP(A98,DMSNameNCBIIDXNLExtract!$A$2:$B$318,2,FALSE) -> SAMEA7723438 | O98: =VLOOKUP(L98,DMSNameNCBIIDXNLExtract!$E$2:$G$1025,2,FALSE) -> SAMEA7723438 | P98: =VLOOKUP(O98,'anc gold to biosample'!$A$2:$B$1025,2,FALSE) -> Gb0315753 | Q98: =VLOOKUP(P98,'anc nmdc ncbi gold'!$A$2:$C$818,2,FALSE) -> nmdc:bsm-11-9618bz78 | R98: some nmdc biosample ids subject to change, update 'anc nmdc ncbi gold' before using for prod work
A99: EMP_Feces_pinto_63_s006_a03_M_333 | B99: 700343 | D99: 94 | E99: 2856 | F99: 5 | G99: 43368.352 | H99: 43368.378 | I99: 37 | J99: Agilent_GC_MS_02 | K99: \\proto-4\Agilent_GC_MS_02\2018_3\EMP_Feces_pinto_63_s006_a03_M_333\ | L99: =IF(LEFT(A99,10)="EMP_Feces_",MID(A99,11,FIND("a0",A99,1)-12),"None") -> pinto_63_s006 | M99: =IF(NOT(L99="None"),VLOOKUP(L99,'GOLD Name splitout'!$A$1:$B$458,2,FALSE),"None") -> nmdc:bsm-11-9b7p0p97 | N99: =VLOOKUP(A99,DMSNameNCBIIDXNLExtract!$A$2:$B$318,2,FALSE) -> SAMEA7723677 | O99: =VLOOKUP(L99,DMSNameNCBIIDXNLExtract!$E$2:$G$1025,2,FALSE) -> SAMEA7723677 | P99: =VLOOKUP(O99,'anc gold to biosample'!$A$2:$B$1025,2,FALSE) -> Gb0315676 | Q99: =VLOOKUP(P99,'anc nmdc ncbi gold'!$A$2:$C$818,2,FALSE) -> nmdc:bsm-11-9b7p0p97 | R99: some nmdc biosample ids subject to change, update 'anc nmdc ncbi gold' before using for prod work
A100: EMP_Feces_king_27_s001_a03_M_210 | B100: 699440 | D100: 94 | E100: 2856 | F100: 5 | G100: 43362.434 | H100: 43362.46 | I100: 37 | J100: Agilent_GC_MS_02 | K100: \\proto-4\Agilent_GC_MS_02\2018_3\EMP_Feces_king_27_s001_a03_M_210\ | L100: =IF(LEFT(A100,10)="EMP_Feces_",MID(A100,11,FIND("a0",A100,1)-12),"None") -> king_27_s001 | M100: =IF(NOT(L100="None"),VLOOKUP(L100,'GOLD Name splitout'!$A$1:$B$458,2,FALSE),"None") -> #N/A | N100: =VLOOKUP(A100,DMSNameNCBIIDXNLExtract!$A$2:$B$318,2,FALSE) -> SAMEA7723428 | O100: =VLOOKUP(L100,DMSNameNCBIIDXNLExtract!$E$2:$G$1025,2,FALSE) -> SAMEA7723428 | P100: =VLOOKUP(O100,'anc gold to biosample'!$A$2:$B$1025,2,FALSE) -> Gb0240111 | Q100: =VLOOKUP(P100,'anc nmdc ncbi gold'!$A$2:$C$818,2,FALSE) -> nmdc:bsm-11-9kz3qt70 | R100: some nmdc biosample ids subject to change, update 'anc nmdc ncbi gold' before using for prod work
...

Sheet DMSNameNCBIIDXNLExtract
A1: gcms_sample_name | B1: ncbi ID | E1: short name | F1: external_id | G1: title
A2: EMP_Cen01_14_085_GC | B2: SAMEA7724297 | E2: 6_Mock_Community4 | F2: SAMEA7724070 | G2: 13114.6.Mock.Community4
A3: EMP_Cen03_14_092_GC | B3: SAMEA7724298 | E3: 6_Mock_Community3 | F3: SAMEA7724069 | G3: 13114.6.Mock.Community3
A4: EMP_Cen06_14_087_GC | B4: SAMEA7724299 | E4: 6_Mock_Community2 | F4: SAMEA7724068 | G4: 13114.6.Mock.Community2
A5: EMP_Cen12_12_084_GC | B5: SAMEA7724300 | E5: 6_Mock_Community1 | F5: SAMEA7724067 | G5: 13114.6.Mock.Community1
A6: EMP_Cen14_12_089_GC | B6: SAMEA7724301 | E6: 7_Mock_Community5 | F6: SAMEA7724075 | G6: 13114.7.Mock.Community5
A7: EMP_Cen15_12_090_GC | B7: SAMEA7724302 | E7: 7_Mock_Community4 | F7: SAMEA7724074 | G7: 13114.7.Mock.Community4
A8: EMP_Cen16_12_086_GC | B8: SAMEA7724303 | E8: 7_Mock_Community3 | F8: SAMEA7724073 | G8: 13114.7.Mock.Community3
A9: EMP_Cen17_12_088_GC | B9: SAMEA7724304 | E9: 7_Mock_Community2 | F9: SAMEA7724072 | G9: 13114.7.Mock.Community2
A10: EMP_Cen19_12_093_GC | B10: SAMEA7724305 | E10: 7_Mock_Community1 | F10: SAMEA7724071 | G10: 13114.7.Mock.Community1
A11: EMP_Cen20_12_091_GC | B11: SAMEA7724306 | E11: angenent_65_s009 | F11: SAMEA7724101 | G11: 13114.angenent.65.s009
A12: EMP_Feces_angenent_65_s001_a03_M_185 | B12: SAMEA7723388 | E12: angenent_65_s008 | F12: SAMEA7724100 | G12: 13114.angenent.65.s008
... A62: EMP_Feces_king_27_s004_a03_M_213 | B62: SAMEA7724102 | E62: BLANK1_1A_ITS | F62: SAMEA7724387 | G62: 13114.BLANK1.1A.ITS
A63: EMP_Feces_king_27_s007_a03_M_214 | B63: SAMEA7723430 | E63: #VALUE! | F63: SAMEA7724357 | G63: 13114.BLANK1.1D
A64: EMP_Feces_king_27_s008_a03_M_215 | B64: SAMEA7723431 | E64: #VALUE! | F64: SAMEA7724356 | G64: 13114.BLANK1.1C
A65: EMP_Feces_king_27_s013_a03_M_219 | B65: SAMEA7723432 | E65: #VALUE! | F65: SAMEA7724355 | G65: 13114.BLANK1.1B
A66: EMP_Feces_king_27_s017_a03_M_221 | B66: SAMEA7723434 | E66: #VALUE! | F66: SAMEA7724354 | G66: 13114.BLANK1.1A
A67: EMP_Feces_king_27_s018_a03_M_222 | B67: SAMEA7723435 | E67: BLANK2_2D_18S | F67: SAMEA7724449 | G67: 13114.BLANK2.2D.18S
A68: EMP_Feces_king_27_s019_a03_M_223 | B68: SAMEA7724106 | E68: BLANK2_2C_18S | F68: SAMEA7724448 | G68: 13114.BLANK2.2C.18S
A69: EMP_Feces_mayer_33_s001_a03_M_194 | B69: SAMEA7723611 | E69: BLANK2_2A_18S | F69: SAMEA7724446 | G69: 13114.BLANK2.2A.18S
A70: EMP_Feces_mayer_33_s002_a03_M_195 | B70: SAMEA7723437 | E70: BLANK2_2B_18S | F70: SAMEA7724447 | G70: 13114.BLANK2.2B.18S
A71: EMP_Feces_mayer_33_s003_a03_M_196 | B71: SAMEA7723438 | E71: BLANK2_2D_ITS | F71: SAMEA7724394 | G71: 13114.BLANK2.2D.ITS
A72: EMP_Feces_mayer_33_s005_a03_M_077 | B72: SAMEA7723612 | E72: BLANK2_2C_ITS | F72: SAMEA7724393 | G72: 13114.BLANK2.2C.ITS
A73: EMP_Feces_mayer_33_s007_a03_M_079 | B73: SAMEA7723439 | E73: BLANK2_2B_ITS | F73: SAMEA7724392 | G73: 13114.BLANK2.2B.ITS
A74: EMP_Feces_mayer_34_s001_a03_M_080 | B74: SAMEA7723440 | E74: BLANK2_2A_ITS | F74: SAMEA7724391 | G74: 13114.BLANK2.2A.ITS
A75: EMP_Feces_mayer_34_s002_a03_M_081 | B75: SAMEA7723441 | E75: #VALUE! | F75: SAMEA7724361 | G75: 13114.BLANK2.2D
A76: EMP_Feces_mayer_34_s006_a03_M_085 | B76: SAMEA7723442 | E76: #VALUE! | F76: SAMEA7724360 | G76: 13114.BLANK2.2C
A77: EMP_Feces_mayer_34_s009_a03_M_088 | B77: SAMEA7723613 | E77: #VALUE! | F77: SAMEA7724359 | G77: 13114.BLANK2.2B
A78: EMP_Feces_metcalf_40_s002_a03_M_069 | B78: SAMEA7723614 | E78: #VALUE! | F78: SAMEA7724358 | G78: 13114.BLANK2.2A
A79: EMP_Feces_metcalf_40_s006_a03_M_071 | B79: SAMEA7723447 | E79: BLANK3_3C_18S | F79: SAMEA7724450 | G79: 13114.BLANK3.3C.18S
A80: EMP_Feces_metcalf_40_s007_a03_M_072 | B80: SAMEA7723615 | E80: BLANK3_3D_18S | F80: SAMEA7724451 | G80: 13114.BLANK3.3D.18S
A81: EMP_Feces_metcalf_40_s010_a03_M_073 | B81: SAMEA7723449 | E81: BLANK3_3D_ITS | F81: SAMEA7724397 | G81: 13114.BLANK3.3D.ITS
A82: EMP_Feces_metcalf_40_s011_a03_M_074 | B82: SAMEA7723450 | E82: BLANK3_3C_ITS | F82: SAMEA7724396 | G82: 13114.BLANK3.3C.ITS
A83: EMP_Feces_metcalf_40_s013_a03_M_075 | B83: SAMEA7723451 | E83: BLANK3_3A_ITS | F83: SAMEA7724395 | G83: 13114.BLANK3.3A.ITS
A84: EMP_Feces_metcalf_81_s001_a03_M_267 | B84: SAMEA7723452 | E84: #VALUE! | F84: SAMEA7724365 | G84: 13114.BLANK3.3D
A85: EMP_Feces_metcalf_81_s002_a03_M_268 | B85: SAMEA7723453 | E85: #VALUE! | F85: SAMEA7724364 | G85: 13114.BLANK3.3C
A86: EMP_Feces_metcalf_81_s003_a03_M_269 | B86: SAMEA7723454 | E86: #VALUE! | F86: SAMEA7724363 | G86: 13114.BLANK3.3B
A87: EMP_Feces_minich_76_s001_a03_M_261 | B87: SAMEA7723455 | E87: #VALUE! | F87: SAMEA7724362 | G87: 13114.BLANK3.3A
A88: EMP_Feces_minich_76_s002_a03_M_262 | B88: SAMEA7723456 | E88: BLANK4_3D_18S | F88: SAMEA7724455 | G88: 13114.BLANK4.3D.18S
A89: EMP_Feces_minich_76_s003_a03_M_263 | B89: SAMEA7723457 | E89: BLANK4_3B_18S | F89: SAMEA7724453 | G89: 13114.BLANK4.3B.18S
A90: EMP_Feces_minich_76_s004_a03_M_264 | B90: SAMEA7723458 | E90: BLANK4_3A_18S | F90: SAMEA7724452 | G90: 13114.BLANK4.3A.18S
A91: EMP_Feces_minich_76_s005_a03_M_265 | B91: SAMEA7723459 | E91: BLANK4_3C_18S | F91: SAMEA7724454 | G91: 13114.BLANK4.3C.18S
A92: EMP_Feces_mousseau_88_s001_a02_M_285 | B92: SAMEA7723617 | E92: BLANK4_3D_ITS | F92: SAMEA7724401 | G92: 13114.BLANK4.3D.ITS
A93: EMP_Feces_mousseau_88_s003_a02_M_294 | B93: SAMEA7724137 | E93: BLANK4_3C_ITS | F93: SAMEA7724400 | G93: 13114.BLANK4.3C.ITS
A94: EMP_Feces_mousseau_88_s008_a02_M_295 | B94: SAMEA7724140 | E94: BLANK4_3B_ITS | F94: SAMEA7724399 | G94: 13114.BLANK4.3B.ITS
A95: EMP_Feces_mousseau_88_s012_a02_M_286 | B95: SAMEA7724141 | E95: BLANK4_3A_ITS | F95: SAMEA7724398 | G95: 13114.BLANK4.3A.ITS
A96: EMP_Feces_mousseau_88_s014_a02_M_287 | B96: SAMEA7724143 | E96: #VALUE! | F96: SAMEA7724369 | G96: 13114.BLANK4.3D
A97: EMP_Feces_mousseau_88_s019_a02_M_288 | B97: SAMEA7724145 | E97: #VALUE! | F97: SAMEA7724368 | G97: 13114.BLANK4.3C
A98: EMP_Feces_mousseau_88_s020_a02_M_289 | B98: SAMEA7724146 | E98: #VALUE! | F98: SAMEA7724367 | G98: 13114.BLANK4.3B
A99: EMP_Feces_mousseau_88_s022_a02_M_290 | B99: SAMEA7724148 | E99: #VALUE! | F99: SAMEA7724366 | G99: 13114.BLANK4.3A
A100: EMP_Feces_mousseau_88_s026_a02_M_291 | B100: SAMEA7723628 | E100: BLANK5_5B_ITS | F100: SAMEA7724409 | G100: 13114.BLANK5.5B.ITS
A101: EMP_Feces_mousseau_88_s027_a02_M_292 | B101: SAMEA7724151 | E101: BLANK5_5C_ITS | F101: SAMEA7724410 | G101: 13114.BLANK5.5C.ITS
A102: EMP_Feces_mousseau_88_s029_a02_M_293 | B102: SAMEA7723629 | E102: BLANK5_5A_ITS | F102: SAMEA7724408 | G102: 13114.BLANK5.5A.ITS
A103: EMP_Feces_mousseau_88_s031_a02_M_296 | B103: SAMEA7723630 | E103: #VALUE! | F103: SAMEA7723564 | G103: 13114.BLANK5.5D
A104: EMP_Feces_mousseau_88_s072_a02_M_297 | B104: SAMEA7724171 | E104: #VALUE! | F104: SAMEA7723563 | G104: 13114.BLANK5.5C
A105: EMP_Feces_mousseau_88_s075_a02_M_298 | B105: SAMEA7723654 | E105: #VALUE! | F105: SAMEA7723562 | G105: 13114.BLANK5.5B
A106: EMP_Feces_mousseau_88_s076_a02_M_299 | B106: SAMEA7724174 | E106: #VALUE! | F106: SAMEA7723561 | G106: 13114.BLANK5.5A
A107: EMP_Feces_mousseau_88_s077_a02_M_305 | B107: SAMEA7723655 | E107: BLANK6_12F_ITS | F107: SAMEA7724428 | G107: 13114.BLANK6.12F.ITS
A108: EMP_Feces_mousseau_88_s078_a02_M_306 | B108: SAMEA7724175 | E108: BLANK6_6B_ITS | F108: SAMEA7724432 | G108: 13114.BLANK6.6B.ITS
A109: EMP_Feces_mousseau_88_s079_a02_M_307 | B109: SAMEA7724176 | E109: BLANK6_6C_ITS | F109: SAMEA7724433 | G109: 13114.BLANK6.6C.ITS
A110: EMP_Feces_pinto_63_s001_a03_M_329 | B110: SAMEA7723460 | E110: BLANK6_12C_ITS | F110: SAMEA7724425 | G110: 13114.BLANK6.12C.ITS
A111: EMP_Feces_pinto_63_s002_a03_M_334 | B111: SAMEA7724229 | E111: BLANK6_11B_ITS | F111: SAMEA7724418 | G111: 13114.BLANK6.11B.ITS
A112: EMP_Feces_pinto_63_s003_a03_M_330 | B112: SAMEA7723461 | E112: BLANK6_11A_ITS | F112: SAMEA7724417 | G112: 13114.BLANK6.11A.ITS
A113: EMP_Feces_pinto_63_s004_a03_M_335 | B113: SAMEA7723462 | E113: BLANK6_12H_ITS | F113: SAMEA7724430 | G113: 13114.BLANK6.12H.ITS
A114: EMP_Feces_pinto_63_s005_a03_M_332 | B114: SAMEA7723676 | E114: BLANK6_12B_ITS | F114: SAMEA7724424 | G114: 13114.BLANK6.12B.ITS
A115: EMP_Feces_pinto_63_s006_a03_M_333 | B115: SAMEA7723677 | E115: BLANK6_11G_ITS | F115: SAMEA7724422 | G115: 13114.BLANK6.11G.ITS
A116: EMP_Feces_pinto_63_s009_a03_M_336 | B116: SAMEA7723678 | E116: BLANK6_12E_ITS | F116: SAMEA7724427 | G116: 13114.BLANK6.12E.ITS
A117: EMP_Feces_pinto_63_s010_a03_M_337 | B117: SAMEA7724230 | E117: BLANK6_11F_ITS | F117: SAMEA7724421 | G117: 13114.BLANK6.11F.ITS
A118: EMP_Feces_pinto_63_s013_a03_M_339 | B118: SAMEA7723466 | E118: BLANK6_6A_ITS | F118: SAMEA7724431 | G118: 13114.BLANK6.6A.ITS
... A130: EMP_Feces_rohwer_85_s004_a03_M_277 | B130: SAMEA7723480 | E130: BLANK6_10E_ITS | F130: SAMEA7724413 | G130: 13114.BLANK6.10E.ITS
A131: EMP_Feces_rohwer_85_s021_a03_M_278 | B131: SAMEA7723492 | E131: #VALUE! | F131: SAMEA7723590 | G131: 13114.BLANK6.6D
A132: EMP_Feces_rohwer_85_s023_a03_M_280 | B132: SAMEA7723493 | E132: #VALUE! | F132: SAMEA7723589 | G132: 13114.BLANK6.6C
A133: EMP_Feces_rohwer_86_s001_a03_M_282 | B133: SAMEA7723496 | E133: #VALUE! | F133: SAMEA7723588 | G133: 13114.BLANK6.6B
A134: EMP_Feces_rohwer_86_s003_a03_M_284 | B134: SAMEA7723497 | E134: #VALUE! | F134: SAMEA7723587 | G134: 13114.BLANK6.6A
A135: EMP_Feces_sandin_54_s001_a03_M_260 | B135: SAMEA7724370 | E135: #VALUE! | F135: SAMEA7723586 | G135: 13114.BLANK6.12H
A136: EMP_Feces_sandin_54_s002_a03_M_179 | B136: SAMEA7723498 | E136: #VALUE! | F136: SAMEA7723585 | G136: 13114.BLANK6.12G
A137: EMP_Feces_sandin_54_s003_a03_M_180 | B137: SAMEA7723499 | E137: #VALUE! | F137: SAMEA7723584 | G137: 13114.BLANK6.12F
A138: EMP_Feces_sandin_54_s004_a03_M_181 | B138: SAMEA7723500 | E138: #VALUE! | F138: SAMEA7723583 | G138: 13114.BLANK6.12E
A139: EMP_Feces_sandin_54_s005_a03_M_182 | B139: SAMEA7723501 | E139: #VALUE! | F139: SAMEA7723582 | G139: 13114.BLANK6.12D
A140: EMP_Feces_sandin_54_s006_a03_M_183 | B140: SAMEA7723502 | E140: #VALUE! | F140: SAMEA7723581 | G140: 13114.BLANK6.12C
A141: EMP_Feces_sandin_54_s008_a03_M_315 | B141: SAMEA7723503 | E141: #VALUE! | F141: SAMEA7723580 | G141: 13114.BLANK6.12B
A142: EMP_Feces_sandin_54_s010_a03_M_317 | B142: SAMEA7723504 | E142: #VALUE! | F142: SAMEA7723579 | G142: 13114.BLANK6.12A
... A156: EMP_Feces_song_51_s017_a03_M_145 | B156: SAMEA7723518 | E156: #VALUE! | F156: SAMEA7723565 | G156: 13114.BLANK6.10C
A157: EMP_Feces_song_51_s018_a03_M_146 | B157: SAMEA7723683 | E157: BLANK7_7H_ITS | F157: SAMEA7724437 | G157: 13114.BLANK7.7H.ITS
A158: EMP_Feces_song_51_s019_a03_M_147 | B158: SAMEA7723519 | E158: BLANK7_7E_ITS | F158: SAMEA7724435 | G158: 13114.BLANK7.7E.ITS
A159: EMP_Feces_song_52_s001_a03_M_149 | B159: SAMEA7723520 | E159: BLANK7_7G_ITS | F159: SAMEA7724436 | G159: 13114.BLANK7.7G.ITS
A160: EMP_Feces_song_52_s004_a03_M_152 | B160: SAMEA7723521 | E160: #VALUE! | F160: SAMEA7723594 | G160: 13114.BLANK7.7H
A161: EMP_Feces_song_52_s008_a03_M_156 | B161: SAMEA7723522 | E161: #VALUE! | F161: SAMEA7723593 | G161: 13114.BLANK7.7G
A162: EMP_Feces_song_52_s009_a03_M_157 | B162: SAMEA7723523 | E162: #VALUE! | F162: SAMEA7723592 | G162: 13114.BLANK7.7F
A163: EMP_Feces_song_52_s010_a03_M_158 | B163: SAMEA7723524 | E163: #VALUE! | F163: SAMEA7723591 | G163: 13114.BLANK7.7E
A164: EMP_Feces_song_52_s011_a03_M_159 | B164: SAMEA7723525 | E164: BLANK8_8E_ITS | F164: SAMEA7724438 | G164: 13114.BLANK8.8E.ITS
A165: EMP_Feces_song_52_s013_a03_M_161 | B165: SAMEA7723526 | E165: BLANK8_8F_ITS | F165: SAMEA7724439 | G165: 13114.BLANK8.8F.ITS
A166: EMP_Feces_song_52_s014_a03_M_162 | B166: SAMEA7723527 | E166: BLANK8_8H_ITS | F166: SAMEA7724441 | G166: 13114.BLANK8.8H.ITS
A167: EMP_Feces_song_53_s001_a03_M_164 | B167: SAMEA7723528 | E167: BLANK8_8G_ITS | F167: SAMEA7724440 | G167: 13114.BLANK8.8G.ITS
A168: EMP_Feces_song_53_s002_a03_M_165 | B168: SAMEA7723529 | E168: #VALUE! | F168: SAMEA7723598 | G168: 13114.BLANK8.8H
A169: EMP_Feces_song_53_s003_a03_M_166 | B169: SAMEA7723530 | E169: #VALUE! | F169: SAMEA7723597 | G169: 13114.BLANK8.8G
A170: EMP_Feces_song_53_s004_a03_M_167 | B170: SAMEA7723531 | E170: #VALUE! | F170: SAMEA7723596 | G170: 13114.BLANK8.8F
A171: EMP_Feces_song_53_s005_a03_M_168 | B171: SAMEA7723532 | E171: #VALUE! | F171: SAMEA7723595 | G171: 13114.BLANK8.8E
A172: EMP_Feces_song_53_s006_a03_M_169 | B172: SAMEA7723533 | E172: bowen_74_s016 | F172: SAMEA7723605 | G172: 13114.bowen.74.s016
A173: EMP_Feces_song_53_s009_a03_M_172 | B173: SAMEA7723534 | E173: bowen_74_s014 | F173: SAMEA7723604 | G173: 13114.bowen.74.s014
...

Sheet MarksXML
A1: XML line using linebreaks at <BioSample access="public" publication | B1: character for gcms_sample_name | C1: extract of gcms_sample_name | D1: gcms_sample_name | E1: character for external_id | F1: external_id | G1: character for title | H1: extract of title | I1: title | J1: 1st term | K1: 2nd term | L1: 3rd term | M1: short name
A2: <BioSample access="public" publication_date="2020-12-17T00:00:00.000" last_update="2021-08-23T00:27:25.000" submission_date="2020-12-19T08:06:09.393" id="17119099" accession="SAMEA7724070"> <Ids> <Id db="BioSample" is_primary="1">SAMEA7724070</Id> <Id db="SRA">ERS5471447</Id> </Ids> <Description> <Title>13114.6.Mock.Community4</Title> <Organism taxonomy_id="1235509" taxonomy_name="synthetic metagenome"> <OrganismName>synthetic metagenome</OrganismName> </Organism> <Comment> <Paragraph>mock community</Paragraph> </Comment> </Description> <Owner> <Name>EBI</Name> </Owner> <Models> <Model>Generic</Model> </Models> <Package display_name="Generic">Generic.1.0</Package> <Attributes> <Attribute attribute_name="ENA first public">2020-12-17</Attribute> <Attribute attribute_name="ENA last update">2020-12-16</Attribute> <Attribute attribute_name="ENA-CHECKLIST">ERC000011</Attribute> <Attribute attribute_name="External Id">SAMEA7724070</Attribute> <Attribute attribute_name="INSDC center alias">UCSDMI</Attribute> <Attribute attribute_name="INSDC center name">University of California San Diego Microbiome Initiative</Attribute> <Attribute attribute_name="INSDC first public">2020-12-17T04:08:06Z</Attribute> <Attribute attribute_name="INSDC last update">2020-12-16T01:23:51Z</Attribute> <Attribute attribute_name="INSDC status">public</Attribute> <Attribute attribute_name="Submitter Id">qiita_sid_13114:13114.6.Mock.Community4</Attribute> <Attribute attribute_name="elevation" harmonized_name="elev" display_name="elevation">193</Attribute> <Attribute attribute_name="emp500_principal_investigator">Knight</Attribute> <Attribute attribute_name="empo_2">Positive</Attribute> <Attribute attribute_name="empo_3">Mock community</Attribute> <Attribute attribute_name="env biome" harmonized_name="env_broad_scale" display_name="broad-scale environmental context">urban biome</Attribute> <Attribute attribute_name="env feature" harmonized_name="env_local_scale" display_name="local-scale environmental context">research facility</Attribute> <Attribute attribute_name="env package" harmonized_name="env_package" display_name="environmental package">misc environment</Attribute> <Attribute attribute_name="env_material" harmonized_name="env_medium" display_name="environmental medium">cell culture</Attribute> <Attribute attribute_name="geo loc name" harmonized_name="geo_loc_name" display_name="geographic location">USA:CA,San Diego</Attribute> <Attribute attribute_name="latitude">32.5</Attribute> <Attribute attribute_name="longitude">-117.25</Attribute> <Attribute attribute_name="sample name" harmonized_name="sample_name" display_name="sample name">qiita_sid_13114:13114.6.Mock.Community4</Attribute> <Attribute attribute_name="sample type" harmonized_name="sample_type" display_name="sample type">mock community</Attribute> <Attribute attribute_name="sampling method">bulk</Attribute> </Attributes> <Status status="live" when="2020-12-20T10:35:01.454"/> </BioSample> | B2: =FIND("gcms_sample_name",A2,1) -> #VALUE! | C2: =MID(A2,B2,68) -> #VALUE! | D2: =MID(C2,19,FIND("/Attribute",C2,1)-20) -> #VALUE! | E2: =FIND("External Id",A2,1) -> 997 | F2: =MID(A2,E2+13,12) -> SAMEA7724070 | G2: =FIND("<Title>",A2,1) -> 317 | H2: =MID(A2,G2,68) -> <Title>13114.6.Mock.Community4</Title> <Organism taxonomy_id="12 | I2: =MID(H2,8,FIND("</Title>",H2,1)-8) -> 13114.6.Mock.Community4 | J2: =MID(I2,7,FIND(".",I2,8)-7) -> 6 | K2: =MID(I2,FIND(".",I2,8)+1,FIND(".",I2,FIND(".",I2,8)+1)-FIND(".",I2,8)-1) -> Mock | L2: =MID(I2,FIND(".",I2,FIND(".",I2,8)+1)+1,LEN(I2)-FIND(".",I2,FIND(".",I2,8)+1)) -> Community4 | M2: =J2&"_"&K2&"_"&L2 -> 6_Mock_Community4
A3: <BioSample access="public" publication_date="2020-12-17T00:00:00.000" last_update="2021-08-23T00:27:25.000" submission_date="2020-12-19T08:06:09.350" id="17119098" accession="SAMEA7724069"> <Ids> <Id db="BioSample" is_primary="1">SAMEA7724069</Id> <Id db="SRA">ERS5471446</Id> </Ids> <Description> <Title>13114.6.Mock.Community3</Title> <Organism taxonomy_id="1235509" taxonomy_name="synthetic metagenome"> <OrganismName>synthetic metagenome</OrganismName> </Organism> <Comment> <Paragraph>mock community</Paragraph> </Comment> </Description> <Owner> <Name>EBI</Name> </Owner> <Models> <Model>Generic</Model> </Models> <Package display_name="Generic">Generic.1.0</Package> <Attributes> <Attribute attribute_name="ENA first public">2020-12-17</Attribute> <Attribute attribute_name="ENA last update">2020-12-16</Attribute> <Attribute attribute_name="ENA-CHECKLIST">ERC000011</Attribute> <Attribute attribute_name="External Id">SAMEA7724069</Attribute> <Attribute attribute_name="INSDC center alias">UCSDMI</Attribute> <Attribute attribute_name="INSDC center name">University of California San Diego Microbiome Initiative</Attribute> <Attribute attribute_name="INSDC first public">2020-12-17T04:08:06Z</Attribute> <Attribute attribute_name="INSDC last update">2020-12-16T01:23:51Z</Attribute> <Attribute attribute_name="INSDC status">public</Attribute> <Attribute attribute_name="Submitter Id">qiita_sid_13114:13114.6.Mock.Community3</Attribute> <Attribute attribute_name="elevation" harmonized_name="elev" display_name="elevation">193</Attribute> <Attribute attribute_name="emp500_principal_investigator">Knight</Attribute> <Attribute attribute_name="empo_2">Positive</Attribute> <Attribute attribute_name="empo_3">Mock community</Attribute> <Attribute attribute_name="env biome" harmonized_name="env_broad_scale" display_name="broad-scale environmental context">urban biome</Attribute> <Attribute attribute_name="env feature" harmonized_name="env_local_scale" display_name="local-scale environmental context">research facility</Attribute> <Attribute attribute_name="env package" harmonized_name="env_package" display_name="environmental package">misc environment</Attribute> <Attribute attribute_name="env_material" harmonized_name="env_medium" display_name="environmental medium">cell culture</Attribute> <Attribute attribute_name="geo loc name" harmonized_name="geo_loc_name" display_name="geographic location">USA:CA,San Diego</Attribute> <Attribute attribute_name="latitude">32.5</Attribute> <Attribute attribute_name="longitude">-117.25</Attribute> <Attribute attribute_name="sample name" harmonized_name="sample_name" display_name="sample name">qiita_sid_13114:13114.6.Mock.Community3</Attribute> <Attribute attribute_name="sample type" harmonized_name="sample_type" display_name="sample type">mock community</Attribute> <Attribute attribute_name="sampling method">bulk</Attribute> </Attributes> <Status status="live" when="2020-12-20T10:34:14.865"/> </BioSample> | B3: =FIND("gcms_sample_name",A3,1) -> #VALUE! | C3: =MID(A3,B3,68) -> #VALUE! | D3: =MID(C3,19,FIND("/Attribute",C3,1)-20) -> #VALUE! | E3: =FIND("External Id",A3,1) -> 997 | F3: =MID(A3,E3+13,12) -> SAMEA7724069 | G3: =FIND("<Title>",A3,1) -> 317 | H3: =MID(A3,G3,68) -> <Title>13114.6.Mock.Community3</Title> <Organism taxonomy_id="12 | I3: =MID(H3,8,FIND("</Title>",H3,1)-8) -> 13114.6.Mock.Community3 | J3: =MID(I3,7,FIND(".",I3,8)-7) -> 6 | K3: =MID(I3,FIND(".",I3,8)+1,FIND(".",I3,FIND(".",I3,8)+1)-FIND(".",I3,8)-1) -> Mock | L3: =MID(I3,FIND(".",I3,FIND(".",I3,8)+1)+1,LEN(I3)-FIND(".",I3,FIND(".",I3,8)+1)) -> Community3 | M3: =J3&"_"&K3&"_"&L3 -> 6_Mock_Community3
A4: <BioSample access="public" publication_date="2020-12-17T00:00:00.000" last_update="2021-08-23T00:27:30.000" submission_date="2020-12-19T08:06:09.316" id="17119097" accession="SAMEA7724068"> <Ids> <Id db="BioSample" is_primary="1">SAMEA7724068</Id> <Id db="SRA">ERS5471445</Id> </Ids> <Description> <Title>13114.6.Mock.Community2</Title> <Organism taxonomy_id="1235509" taxonomy_name="synthetic metagenome"> <OrganismName>synthetic metagenome</OrganismName> </Organism> <Comment> <Paragraph>mock community</Paragraph> </Comment> </Description> <Owner> <Name>EBI</Name> </Owner> <Models> <Model>Generic</Model> </Models> <Package display_name="Generic">Generic.1.0</Package> <Attributes> <Attribute attribute_name="ENA first public">2020-12-17</Attribute> <Attribute attribute_name="ENA last update">2020-12-16</Attribute> <Attribute attribute_name="ENA-CHECKLIST">ERC000011</Attribute> <Attribute attribute_name="External Id">SAMEA7724068</Attribute> <Attribute attribute_name="INSDC center alias">UCSDMI</Attribute> <Attribute attribute_name="INSDC center name">University of California San Diego Microbiome Initiative</Attribute> <Attribute attribute_name="INSDC first public">2020-12-17T04:08:06Z</Attribute> <Attribute attribute_name="INSDC last update">2020-12-16T01:23:51Z</Attribute> <Attribute attribute_name="INSDC status">public</Attribute> <Attribute attribute_name="Submitter Id">qiita_sid_13114:13114.6.Mock.Community2</Attribute> <Attribute attribute_name="elevation" harmonized_name="elev" display_name="elevation">193</Attribute> <Attribute attribute_name="emp500_principal_investigator">Knight</Attribute> <Attribute attribute_name="empo_2">Positive</Attribute> <Attribute attribute_name="empo_3">Mock community</Attribute> <Attribute attribute_name="env biome" harmonized_name="env_broad_scale" display_name="broad-scale environmental context">urban biome</Attribute> <Attribute attribute_name="env feature" harmonized_name="env_local_scale" display_name="local-scale environmental context">research facility</Attribute> <Attribute attribute_name="env package" harmonized_name="env_package" display_name="environmental package">misc environment</Attribute> <Attribute attribute_name="env_material" harmonized_name="env_medium" display_name="environmental medium">cell culture</Attribute> <Attribute attribute_name="geo loc name" harmonized_name="geo_loc_name" display_name="geographic location">USA:CA,San Diego</Attribute> <Attribute attribute_name="latitude">32.5</Attribute> <Attribute attribute_name="longitude">-117.25</Attribute> <Attribute attribute_name="sample name" harmonized_name="sample_name" display_name="sample name">qiita_sid_13114:13114.6.Mock.Community2</Attribute> <Attribute attribute_name="sample type" harmonized_name="sample_type" display_name="sample type">mock community</Attribute> <Attribute attribute_name="sampling method">bulk</Attribute> </Attributes> <Status status="live" when="2020-12-20T10:35:26.195"/> </BioSample> | B4: =FIND("gcms_sample_name",A4,1) -> #VALUE! | C4: =MID(A4,B4,68) -> #VALUE! | D4: =MID(C4,19,FIND("/Attribute",C4,1)-20) -> #VALUE! | E4: =FIND("External Id",A4,1) -> 997 | F4: =MID(A4,E4+13,12) -> SAMEA7724068 | G4: =FIND("<Title>",A4,1) -> 317 | H4: =MID(A4,G4,68) -> <Title>13114.6.Mock.Community2</Title> <Organism taxonomy_id="12 | I4: =MID(H4,8,FIND("</Title>",H4,1)-8) -> 13114.6.Mock.Community2 | J4: =MID(I4,7,FIND(".",I4,8)-7) -> 6 | K4: =MID(I4,FIND(".",I4,8)+1,FIND(".",I4,FIND(".",I4,8)+1)-FIND(".",I4,8)-1) -> Mock | L4: =MID(I4,FIND(".",I4,FIND(".",I4,8)+1)+1,LEN(I4)-FIND(".",I4,FIND(".",I4,8)+1)) -> Community2 | M4: =J4&"_"&K4&"_"&L4 -> 6_Mock_Community2
A5: <BioSample access="public" publication_date="2020-12-17T00:00:00.000" last_update="2021-08-23T00:27:25.000" submission_date="2020-12-19T08:06:09.270" id="17119096" accession="SAMEA7724067"> <Ids> <Id db="BioSample" is_primary="1">SAMEA7724067</Id> <Id db="SRA">ERS5471444</Id> </Ids> <Description> <Title>13114.6.Mock.Community1</Title> <Organism taxonomy_id="1235509" taxonomy_name="synthetic metagenome"> <OrganismName>synthetic metagenome</OrganismName> </Organism> <Comment> <Paragraph>mock community</Paragraph> </Comment> </Description> <Owner> <Name>EBI</Name> </Owner> <Models> <Model>Generic</Model> </Models> <Package display_name="Generic">Generic.1.0</Package> <Attributes> <Attribute attribute_name="ENA first public">2020-12-17</Attribute> <Attribute attribute_name="ENA last update">2020-12-16</Attribute> <Attribute attribute_name="ENA-CHECKLIST">ERC000011</Attribute> <Attribute attribute_name="External Id">SAMEA7724067</Attribute> <Attribute attribute_name="INSDC center alias">UCSDMI</Attribute> <Attribute attribute_name="INSDC center name">University of California San Diego Microbiome Initiative</Attribute> <Attribute attribute_name="INSDC first public">2020-12-17T04:08:06Z</Attribute> <Attribute attribute_name="INSDC last update">2020-12-16T01:23:51Z</Attribute> <Attribute attribute_name="INSDC status">public</Attribute> <Attribute attribute_name="Submitter Id">qiita_sid_13114:13114.6.Mock.Community1</Attribute> <Attribute attribute_name="elevation" harmonized_name="elev" display_name="elevation">193</Attribute> <Attribute attribute_name="emp500_principal_investigator">Knight</Attribute> <Attribute attribute_name="empo_2">Positive</Attribute> <Attribute attribute_name="empo_3">Mock community</Attribute> <Attribute attribute_name="env biome" harmonized_name="env_broad_scale" display_name="broad-scale environmental context">urban biome</Attribute> <Attribute attribute_name="env feature" harmonized_name="env_local_scale" display_name="local-scale environmental context">research facility</Attribute> <Attribute attribute_name="env package" harmonized_name="env_package" display_name="environmental package">misc environment</Attribute> <Attribute attribute_name="env_material" harmonized_name="env_medium" display_name="environmental medium">cell culture</Attribute> <Attribute attribute_name="geo loc name" harmonized_name="geo_loc_name" display_name="geographic location">USA:CA,San Diego</Attribute> <Attribute attribute_name="latitude">32.5</Attribute> <Attribute attribute_name="longitude">-117.25</Attribute> <Attribute attribute_name="sample name" harmonized_name="sample_name" display_name="sample name">qiita_sid_13114:13114.6.Mock.Community1</Attribute> <Attribute attribute_name="sample type" harmonized_name="sample_type" display_name="sample type">mock community</Attribute> <Attribute attribute_name="sampling method">bulk</Attribute> </Attributes> <Status status="live" when="2020-12-20T10:34:54.319"/> </BioSample> | B5: =FIND("gcms_sample_name",A5,1) -> #VALUE! | C5: =MID(A5,B5,68) -> #VALUE! | D5: =MID(C5,19,FIND("/Attribute",C5,1)-20) -> #VALUE! | E5: =FIND("External Id",A5,1) -> 997 | F5: =MID(A5,E5+13,12) -> SAMEA7724067 | G5: =FIND("<Title>",A5,1) -> 317 | H5: =MID(A5,G5,68) -> <Title>13114.6.Mock.Community1</Title> <Organism taxonomy_id="12 | I5: =MID(H5,8,FIND("</Title>",H5,1)-8) -> 13114.6.Mock.Community1 | J5: =MID(I5,7,FIND(".",I5,8)-7) -> 6 | K5: =MID(I5,FIND(".",I5,8)+1,FIND(".",I5,FIND(".",I5,8)+1)-FIND(".",I5,8)-1) -> Mock | L5: =MID(I5,FIND(".",I5,FIND(".",I5,8)+1)+1,LEN(I5)-FIND(".",I5,FIND(".",I5,8)+1)) -> Community1 | M5: =J5&"_"&K5&"_"&L5 -> 6_Mock_Community1
A6: <BioSample access="public" publication_date="2020-12-17T00:00:00.000" last_update="2021-08-23T00:27:24.000" submission_date="2020-12-19T08:06:09.630" id="17119104" accession="SAMEA7724075"> <Ids> <Id db="BioSample" is_primary="1">SAMEA7724075</Id> <Id db="SRA">ERS5471452</Id> </Ids> <Description> <Title>13114.7.Mock.Community5</Title> <Organism taxonomy_id="1235509" taxonomy_name="synthetic metagenome"> <OrganismName>synthetic metagenome</OrganismName> </Organism> <Comment> <Paragraph>mock community</Paragraph> </Comment> </Description> <Owner> <Name>EBI</Name> </Owner> <Models> <Model>Generic</Model> </Models> <Package display_name="Generic">Generic.1.0</Package> <Attributes> <Attribute attribute_name="ENA first public">2020-12-17</Attribute> <Attribute attribute_name="ENA last update">2020-12-16</Attribute> <Attribute attribute_name="ENA-CHECKLIST">ERC000011</Attribute> <Attribute attribute_name="External Id">SAMEA7724075</Attribute> <Attribute attribute_name="INSDC center alias">UCSDMI</Attribute> <Attribute attribute_name="INSDC center name">University of California San Diego Microbiome Initiative</Attribute> <Attribute attribute_name="INSDC first public">2020-12-17T04:08:06Z</Attribute> <Attribute attribute_name="INSDC last update">2020-12-16T01:23:51Z</Attribute> <Attribute attribute_name="INSDC status">public</Attribute> <Attribute attribute_name="Submitter Id">qiita_sid_13114:13114.7.Mock.Community5</Attribute> <Attribute attribute_name="elevation" harmonized_name="elev" display_name="elevation">193</Attribute> <Attribute attribute_name="emp500_principal_investigator">Knight</Attribute> <Attribute attribute_name="empo_2">Positive</Attribute> <Attribute attribute_name="empo_3">Mock community</Attribute> <Attribute attribute_name="env biome" harmonized_name="env_broad_scale" display_name="broad-scale environmental context">urban biome</Attribute> <Attribute attribute_name="env feature" harmonized_name="env_local_scale" display_name="local-scale environmental context">research facility</Attribute> <Attribute attribute_name="env package" harmonized_name="env_package" display_name="environmental package">misc environment</Attribute> <Attribute attribute_name="env_material" harmonized_name="env_medium" display_name="environmental medium">cell culture</Attribute> <Attribute attribute_name="geo loc name" harmonized_name="geo_loc_name" display_name="geographic location">USA:CA,San Diego</Attribute> <Attribute attribute_name="latitude">32.5</Attribute> <Attribute attribute_name="longitude">-117.25</Attribute> <Attribute attribute_name="sample name" harmonized_name="sample_name" display_name="sample name">qiita_sid_13114:13114.7.Mock.Community5</Attribute> <Attribute attribute_name="sample type" harmonized_name="sample_type" display_name="sample type">mock community</Attribute> <Attribute attribute_name="sampling method">bulk</Attribute> </Attributes> <Status status="live" when="2020-12-20T10:34:24.113"/> </BioSample> | B6: =FIND("gcms_sample_name",A6,1) -> #VALUE! | C6: =MID(A6,B6,68) -> #VALUE! | D6: =MID(C6,19,FIND("/Attribute",C6,1)-20) -> #VALUE! | E6: =FIND("External Id",A6,1) -> 997 | F6: =MID(A6,E6+13,12) -> SAMEA7724075 | G6: =FIND("<Title>",A6,1) -> 317 | H6: =MID(A6,G6,68) -> <Title>13114.7.Mock.Community5</Title> <Organism taxonomy_id="12 | I6: =MID(H6,8,FIND("</Title>",H6,1)-8) -> 13114.7.Mock.Community5 | J6: =MID(I6,7,FIND(".",I6,8)-7) -> 7 | K6: =MID(I6,FIND(".",I6,8)+1,FIND(".",I6,FIND(".",I6,8)+1)-FIND(".",I6,8)-1) -> Mock | L6: =MID(I6,FIND(".",I6,FIND(".",I6,8)+1)+1,LEN(I6)-FIND(".",I6,FIND(".",I6,8)+1)) -> Community5 | M6: =J6&"_"&K6&"_"&L6 -> 7_Mock_Community5
A7: <BioSample access="public" publication_date="2020-12-17T00:00:00.000" last_update="2021-08-23T00:27:24.000" submission_date="2020-12-19T08:06:09.583" id="17119103" accession="SAMEA7724074"> <Ids> <Id db="BioSample" is_primary="1">SAMEA7724074</Id> <Id db="SRA">ERS5471451</Id> </Ids> <Description> <Title>13114.7.Mock.Community4</Title> <Organism taxonomy_id="1235509" taxonomy_name="synthetic metagenome"> <OrganismName>synthetic metagenome</OrganismName> </Organism> <Comment> <Paragraph>mock community</Paragraph> </Comment> </Description> <Owner> <Name>EBI</Name> </Owner> <Models> <Model>Generic</Model> </Models> <Package display_name="Generic">Generic.1.0</Package> <Attributes> <Attribute attribute_name="ENA first public">2020-12-17</Attribute> <Attribute attribute_name="ENA last update">2020-12-16</Attribute> <Attribute attribute_name="ENA-CHECKLIST">ERC000011</Attribute> <Attribute attribute_name="External Id">SAMEA7724074</Attribute> <Attribute attribute_name="INSDC center alias">UCSDMI</Attribute> <Attribute attribute_name="INSDC center name">University of California San Diego Microbiome Initiative</Attribute> <Attribute attribute_name="INSDC first public">2020-12-17T04:08:06Z</Attribute> <Attribute attribute_name="INSDC last update">2020-12-16T01:23:51Z</Attribute> <Attribute attribute_name="INSDC status">public</Attribute> <Attribute attribute_name="Submitter Id">qiita_sid_13114:13114.7.Mock.Community4</Attribute> <Attribute attribute_name="elevation" harmonized_name="elev" display_name="elevation">193</Attribute> <Attribute attribute_name="emp500_principal_investigator">Knight</Attribute> <Attribute attribute_name="empo_2">Positive</Attribute> <Attribute attribute_name="empo_3">Mock community</Attribute> <Attribute attribute_name="env biome" harmonized_name="env_broad_scale" display_name="broad-scale environmental context">urban biome</Attribute> <Attribute attribute_name="env feature" harmonized_name="env_local_scale" display_name="local-scale environmental context">research facility</Attribute> <Attribute attribute_name="env package" harmonized_name="env_package" display_name="environmental package">misc environment</Attribute> <Attribute attribute_name="env_material" harmonized_name="env_medium" display_name="environmental medium">cell culture</Attribute> <Attribute attribute_name="geo loc name" harmonized_name="geo_loc_name" display_name="geographic location">USA:CA,San Diego</Attribute> <Attribute attribute_name="latitude">32.5</Attribute> <Attribute attribute_name="longitude">-117.25</Attribute> <Attribute attribute_name="sample name" harmonized_name="sample_name" display_name="sample name">qiita_sid_13114:13114.7.Mock.Community4</Attribute> <Attribute attribute_name="sample type" harmonized_name="sample_type" display_name="sample type">mock community</Attribute> <Attribute attribute_name="sampling method">bulk</Attribute> </Attributes> <Status status="live" when="2020-12-20T10:34:34.272"/> </BioSample> | B7: =FIND("gcms_sample_name",A7,1) -> #VALUE! | C7: =MID(A7,B7,68) -> #VALUE! | D7: =MID(C7,19,FIND("/Attribute",C7,1)-20) -> #VALUE! | E7: =FIND("External Id",A7,1) -> 997 | F7: =MID(A7,E7+13,12) -> SAMEA7724074 | G7: =FIND("<Title>",A7,1) -> 317 | H7: =MID(A7,G7,68) -> <Title>13114.7.Mock.Community4</Title> <Organism taxonomy_id="12 | I7: =MID(H7,8,FIND("</Title>",H7,1)-8) -> 13114.7.Mock.Community4 | J7: =MID(I7,7,FIND(".",I7,8)-7) -> 7 | K7: =MID(I7,FIND(".",I7,8)+1,FIND(".",I7,FIND(".",I7,8)+1)-FIND(".",I7,8)-1) -> Mock | L7: =MID(I7,FIND(".",I7,FIND(".",I7,8)+1)+1,LEN(I7)-FIND(".",I7,FIND(".",I7,8)+1)) -> Community4 | M7: =J7&"_"&K7&"_"&L7 -> 7_Mock_Community4
A8: <BioSample access="public" publication_date="2020-12-17T00:00:00.000" last_update="2021-08-23T00:27:24.000" submission_date="2020-12-19T08:06:09.536" id="17119102" accession="SAMEA7724073"> <Ids> <Id db="BioSample" is_primary="1">SAMEA7724073</Id> <Id db="SRA">ERS5471450</Id> </Ids> <Description> <Title>13114.7.Mock.Community3</Title> <Organism taxonomy_id="1235509" taxonomy_name="synthetic metagenome"> <OrganismName>synthetic metagenome</OrganismName> </Organism> <Comment> <Paragraph>mock community</Paragraph> </Comment> </Description> <Owner> <Name>EBI</Name> </Owner> <Models> <Model>Generic</Model> </Models> <Package display_name="Generic">Generic.1.0</Package> <Attributes> <Attribute attribute_name="ENA first public">2020-12-17</Attribute> <Attribute attribute_name="ENA last update">2020-12-16</Attribute> <Attribute attribute_name="ENA-CHECKLIST">ERC000011</Attribute> <Attribute attribute_name="External Id">SAMEA7724073</Attribute> <Attribute attribute_name="INSDC center alias">UCSDMI</Attribute> <Attribute attribute_name="INSDC center name">University of California San Diego Microbiome Initiative</Attribute> <Attribute attribute_name="INSDC first public">2020-12-17T04:08:06Z</Attribute> <Attribute attribute_name="INSDC last update">2020-12-16T01:23:51Z</Attribute> <Attribute attribute_name="INSDC status">public</Attribute> <Attribute attribute_name="Submitter Id">qiita_sid_13114:13114.7.Mock.Community3</Attribute> <Attribute attribute_name="elevation" harmonized_name="elev" display_name="elevation">193</Attribute> <Attribute attribute_name="emp500_principal_investigator">Knight</Attribute> <Attribute attribute_name="empo_2">Positive</Attribute> <Attribute attribute_name="empo_3">Mock community</Attribute> <Attribute attribute_name="env biome" harmonized_name="env_broad_scale" display_name="broad-scale environmental context">urban biome</Attribute> <Attribute attribute_name="env feature" harmonized_name="env_local_scale" display_name="local-scale environmental context">research facility</Attribute> <Attribute attribute_name="env package" harmonized_name="env_package" display_name="environmental package">misc environment</Attribute> <Attribute attribute_name="env_material" harmonized_name="env_medium" display_name="environmental medium">cell culture</Attribute> <Attribute attribute_name="geo loc name" harmonized_name="geo_loc_name" display_name="geographic location">USA:CA,San Diego</Attribute> <Attribute attribute_name="latitude">32.5</Attribute> <Attribute attribute_name="longitude">-117.25</Attribute> <Attribute attribute_name="sample name" harmonized_name="sample_name" display_name="sample name">qiita_sid_13114:13114.7.Mock.Community3</Attribute> <Attribute attribute_name="sample type" harmonized_name="sample_type" display_name="sample type">mock community</Attribute> <Attribute attribute_name="sampling method">bulk</Attribute> </Attributes> <Status status="live" when="2020-12-20T10:34:59.962"/> </BioSample> | B8: =FIND("gcms_sample_name",A8,1) -> #VALUE! | C8: =MID(A8,B8,68) -> #VALUE! | D8: =MID(C8,19,FIND("/Attribute",C8,1)-20) -> #VALUE! | E8: =FIND("External Id",A8,1) -> 997 | F8: =MID(A8,E8+13,12) -> SAMEA7724073 | G8: =FIND("<Title>",A8,1) -> 317 | H8: =MID(A8,G8,68) -> <Title>13114.7.Mock.Community3</Title> <Organism taxonomy_id="12 | I8: =MID(H8,8,FIND("</Title>",H8,1)-8) -> 13114.7.Mock.Community3 | J8: =MID(I8,7,FIND(".",I8,8)-7) -> 7 | K8: =MID(I8,FIND(".",I8,8)+1,FIND(".",I8,FIND(".",I8,8)+1)-FIND(".",I8,8)-1) -> Mock | L8: =MID(I8,FIND(".",I8,FIND(".",I8,8)+1)+1,LEN(I8)-FIND(".",I8,FIND(".",I8,8)+1)) -> Community3 | M8: =J8&"_"&K8&"_"&L8 -> 7_Mock_Community3
A9: <BioSample access="public" publication_date="2020-12-17T00:00:00.000" last_update="2021-08-23T00:27:30.000" submission_date="2020-12-19T08:06:09.490" id="17119101" accession="SAMEA7724072"> <Ids> <Id db="BioSample" is_primary="1">SAMEA7724072</Id> <Id db="SRA">ERS5471449</Id> </Ids> <Description> <Title>13114.7.Mock.Community2</Title> <Organism taxonomy_id="1235509" taxonomy_name="synthetic metagenome"> <OrganismName>synthetic metagenome</OrganismName> </Organism> <Comment> <Paragraph>mock community</Paragraph> </Comment> </Description> <Owner> <Name>EBI</Name> </Owner> <Models> <Model>Generic</Model> </Models> <Package display_name="Generic">Generic.1.0</Package> <Attributes> <Attribute attribute_name="ENA first public">2020-12-17</Attribute> <Attribute attribute_name="ENA last update">2020-12-16</Attribute> <Attribute attribute_name="ENA-CHECKLIST">ERC000011</Attribute> <Attribute attribute_name="External Id">SAMEA7724072</Attribute> <Attribute attribute_name="INSDC center alias">UCSDMI</Attribute> <Attribute attribute_name="INSDC center name">University of California San Diego Microbiome Initiative</Attribute> <Attribute attribute_name="INSDC first public">2020-12-17T04:08:06Z</Attribute> <Attribute attribute_name="INSDC last update">2020-12-16T01:23:51Z</Attribute> <Attribute attribute_name="INSDC status">public</Attribute> <Attribute attribute_name="Submitter Id">qiita_sid_13114:13114.7.Mock.Community2</Attribute> <Attribute attribute_name="elevation" harmonized_name="elev" display_name="elevation">193</Attribute> <Attribute attribute_name="emp500_principal_investigator">Knight</Attribute> <Attribute attribute_name="empo_2">Positive</Attribute> <Attribute attribute_name="empo_3">Mock community</Attribute> <Attribute attribute_name="env biome" harmonized_name="env_broad_scale" display_name="broad-scale environmental context">urban biome</Attribute> <Attribute attribute_name="env feature" harmonized_name="env_local_scale" display_name="local-scale environmental context">research facility</Attribute> <Attribute attribute_name="env package" harmonized_name="env_package" display_name="environmental package">misc environment</Attribute> <Attribute attribute_name="env_material" harmonized_name="env_medium" display_name="environmental medium">cell culture</Attribute> <Attribute attribute_name="geo loc name" harmonized_name="geo_loc_name" display_name="geographic location">USA:CA,San Diego</Attribute> <Attribute attribute_name="latitude">32.5</Attribute> <Attribute attribute_name="longitude">-117.25</Attribute> <Attribute attribute_name="sample name" harmonized_name="sample_name" display_name="sample name">qiita_sid_13114:13114.7.Mock.Community2</Attribute> <Attribute attribute_name="sample type" harmonized_name="sample_type" display_name="sample type">mock community</Attribute> <Attribute attribute_name="sampling method">bulk</Attribute> </Attributes> <Status status="live" when="2020-12-20T10:33:51.392"/> </BioSample> | B9: =FIND("gcms_sample_name",A9,1) -> #VALUE! | C9: =MID(A9,B9,68) -> #VALUE! | D9: =MID(C9,19,FIND("/Attribute",C9,1)-20) -> #VALUE! | E9: =FIND("External Id",A9,1) -> 997 | F9: =MID(A9,E9+13,12) -> SAMEA7724072 | G9: =FIND("<Title>",A9,1) -> 317 | H9: =MID(A9,G9,68) -> <Title>13114.7.Mock.Community2</Title> <Organism taxonomy_id="12 | I9: =MID(H9,8,FIND("</Title>",H9,1)-8) -> 13114.7.Mock.Community2 | J9: =MID(I9,7,FIND(".",I9,8)-7) -> 7 | K9: =MID(I9,FIND(".",I9,8)+1,FIND(".",I9,FIND(".",I9,8)+1)-FIND(".",I9,8)-1) -> Mock | L9: =MID(I9,FIND(".",I9,FIND(".",I9,8)+1)+1,LEN(I9)-FIND(".",I9,FIND(".",I9,8)+1)) -> Community2 | M9: =J9&"_"&K9&"_"&L9 -> 7_Mock_Community2
A10: <BioSample access="public" publication_date="2020-12-17T00:00:00.000" last_update="2021-08-23T00:27:25.000" submission_date="2020-12-19T08:06:09.440" id="17119100" accession="SAMEA7724071"> <Ids> <Id db="BioSample" is_primary="1">SAMEA7724071</Id> <Id db="SRA">ERS5471448</Id> </Ids> <Description> <Title>13114.7.Mock.Community1</Title> <Organism taxonomy_id="1235509" taxonomy_name="synthetic metagenome"> <OrganismName>synthetic metagenome</OrganismName> </Organism> <Comment> <Paragraph>mock community</Paragraph> </Comment> </Description> <Owner> <Name>EBI</Name> </Owner> <Models> <Model>Generic</Model> </Models> <Package display_name="Generic">Generic.1.0</Package> <Attributes> <Attribute attribute_name="ENA first public">2020-12-17</Attribute> <Attribute attribute_name="ENA last update">2020-12-16</Attribute> <Attribute attribute_name="ENA-CHECKLIST">ERC000011</Attribute> <Attribute attribute_name="External Id">SAMEA7724071</Attribute> <Attribute attribute_name="INSDC center alias">UCSDMI</Attribute> <Attribute attribute_name="INSDC center name">University of California San Diego Microbiome Initiative</Attribute> <Attribute attribute_name="INSDC first public">2020-12-17T04:08:06Z</Attribute> <Attribute attribute_name="INSDC last update">2020-12-16T01:23:51Z</Attribute> <Attribute attribute_name="INSDC status">public</Attribute> <Attribute attribute_name="Submitter Id">qiita_sid_13114:13114.7.Mock.Community1</Attribute> <Attribute attribute_name="elevation" harmonized_name="elev" display_name="elevation">193</Attribute> <Attribute attribute_name="emp500_principal_investigator">Knight</Attribute> <Attribute attribute_name="empo_2">Positive</Attribute> <Attribute attribute_name="empo_3">Mock community</Attribute> <Attribute attribute_name="env biome" harmonized_name="env_broad_scale" display_name="broad-scale environmental context">urban biome</Attribute> <Attribute attribute_name="env feature" harmonized_name="env_local_scale" display_name="local-scale environmental context">research facility</Attribute> <Attribute attribute_name="env package" harmonized_name="env_package" display_name="environmental package">misc environment</Attribute> <Attribute attribute_name="env_material" harmonized_name="env_medium" display_name="environmental medium">cell culture</Attribute> <Attribute attribute_name="geo loc name" harmonized_name="geo_loc_name" display_name="geographic location">USA:CA,San Diego</Attribute> <Attribute attribute_name="latitude">32.5</Attribute> <Attribute attribute_name="longitude">-117.25</Attribute> <Attribute attribute_name="sample name" harmonized_name="sample_name" display_name="sample name">qiita_sid_13114:13114.7.Mock.Community1</Attribute> <Attribute attribute_name="sample type" harmonized_name="sample_type" display_name="sample type">mock community</Attribute> <Attribute attribute_name="sampling method">bulk</Attribute> </Attributes> <Status status="live" when="2020-12-20T10:35:11.970"/> </BioSample> | B10: =FIND("gcms_sample_name",A10,1) -> #VALUE! | C10: =MID(A10,B10,68) -> #VALUE! | D10: =MID(C10,19,FIND("/Attribute",C10,1)-20) -> #VALUE! | E10: =FIND("External Id",A10,1) -> 997 | F10: =MID(A10,E10+13,12) -> SAMEA7724071 | G10: =FIND("<Title>",A10,1) -> 317 | H10: =MID(A10,G10,68) -> <Title>13114.7.Mock.Community1</Title> <Organism taxonomy_id="12 | I10: =MID(H10,8,FIND("</Title>",H10,1)-8) -> 13114.7.Mock.Community1 | J10: =MID(I10,7,FIND(".",I10,8)-7) -> 7 | K10: =MID(I10,FIND(".",I10,8)+1,FIND(".",I10,FIND(".",I10,8)+1)-FIND(".",I10,8)-1) -> Mock | L10: =MID(I10,FIND(".",I10,FIND(".",I10,8)+1)+1,LEN(I10)-FIND(".",I10,FIND(".",I10,8)+1)) -> Community1 | M10: =J10&"_"&K10&"_"&L10 -> 7_Mock_Community1
A11: <BioSample access="public" publication_date="2020-12-17T00:00:00.000" last_update="2021-08-23T00:27:30.000" submission_date="2020-12-19T08:06:10.850" id="17119130" accession="SAMEA7724101"> <Ids> <Id db="BioSample" is_primary="1">SAMEA7724101</Id> <Id db="SRA">ERS5471478</Id> </Ids> <Description> <Title>13114.angenent.65.s009</Title> <Organism taxonomy_id="1076179" taxonomy_name="bioreactor metagenome"> <OrganismName>bioreactor metagenome</OrganismName> </Organism> <Comment> <Paragraph>Corn Beer Fermentation Bioreactor Biomass</Paragraph> </Comment> </Description> <Owner> <Name>EBI</Name> </Owner> <Models> <Model>Generic</Model> </Models> <Package display_name="Generic">Generic.1.0</Package> <Attributes> <Attribute attribute_name="ENA first public">2020-12-17</Attribute> <Attribute attribute_name="ENA last update">2020-12-16</Attribute> <Attribute attribute_name="ENA-CHECKLIST">ERC000011</Attribute> <Attribute attribute_name="External Id">SAMEA7724101</Attribute> <Attribute attribute_name="INSDC center alias">UCSDMI</Attribute> <Attribute attribute_name="INSDC center name">University of California San Diego Microbiome Initiative</Attribute> <Attribute attribute_name="INSDC first public">2020-12-17T04:08:06Z</Attribute> <Attribute attribute_name="INSDC last update">2020-12-16T01:23:53Z</Attribute> <Attribute attribute_name="INSDC status">public</Attribute> <Attribute attribute_name="Submitter Id">qiita_sid_13114:13114.angenent.65.s009</Attribute> <Attribute attribute_name="alpha_shotgun_woltka_min10k_richness">565.0</Attribute> <Attribute attribute_name="alpha_shotgun_woltka_rar10k_richness">108.0</Attribute> <Attribute attribute_name="alpha_shotgun_woltka_rar3450_richness">57.0</Attribute> <Attribute attribute_name="collection_timestamp">6/27/16 0:00</Attribute> <Attribute attribute_name="elevation" harmonized_name="elev" display_name="elevation">123</Attribute> <Attribute attribute_name="emp500_principal_investigator">Angenent</Attribute> <Attribute attribute_name="emp500_study_id">65</Attribute> <Attribute attribute_name="emp500_title">Rumen animals and bioreactor</Attribute> <Attribute attribute_name="empo_2">Animal</Attribute> <Attribute attribute_name="empo_3">Animal proximal gut</Attribute> <Attribute attribute_name="env biome" harmonized_name="env_broad_scale" display_name="broad-scale environmental context">urban biome</Attribute> <Attribute attribute_name="env feature" harmonized_name="env_local_scale" display_name="local-scale environmental context">anaerobic bioreactor</Attribute> <Attribute attribute_name="env package" harmonized_name="env_package" display_name="environmental package">wastewater/sludge</Attribute> <Attribute attribute_name="env_material" harmonized_name="env_medium" display_name="environmental medium">anaerobic sludge</Attribute> <Attribute attribute_name="environmental_package" harmonized_name="env_package" display_name="environmental package">host-associated</Attribute> <Attribute attribute_name="geo loc name" harmonized_name="geo_loc_name" display_name="geographic location">USA: State of New York,City of Ithaca</Attribute> <Attribute attribute_name="latitude">42.44</Attribute> <Attribute attribute_name="longitude">-76.5</Attribute> <Attribute attribute_name="physical_specimen_location">UCSD Knight Lab Freezer I</Attribute> <Attribute attribute_name="project name" harmonized_name="project_name" display_name="project name">Corn Beer Fermentation Bioreactor</Attribute> <Attribute attribute_name="sample name" harmonized_name="sample_name" display_name="sample name">qiita_sid_13114:13114.angenent.65.s009</Attribute> <Attribute attribute_name="sample type" harmonized_name="sample_type" display_name="sample type">bioreactor sludge</Attribute> <Attribute attribute_name="sampling method">bulk</Attribute> <Attribute attribute_name="study_sample_number">9</Attribute> </Attributes> <Status status="live" when="2020-12-20T10:35:04.345"/> </BioSample> | B11: =FIND("gcms_sample_name",A11,1) -> #VALUE! | C11: =MID(A11,B11,68) -> #VALUE! | D11: =MID(C11,19,FIND("/Attribute",C11,1)-20) -> #VALUE! | E11: =FIND("External Id",A11,1) -> 1025 | F11: =MID(A11,E11+13,12) -> SAMEA7724101 | G11: =FIND("<Title>",A11,1) -> 317 | H11: =MID(A11,G11,68) -> <Title>13114.angenent.65.s009</Title> <Organism taxonomy_id="107 | I11: =MID(H11,8,FIND("</Title>",H11,1)-8) -> 13114.angenent.65.s009 | J11: =MID(I11,7,FIND(".",I11,8)-7) -> angenent | K11: =MID(I11,FIND(".",I11,8)+1,FIND(".",I11,FIND(".",I11,8)+1)-FIND(".",I11,8)-1) -> 65 | L11: =MID(I11,FIND(".",I11,FIND(".",I11,8)+1)+1,LEN(I11)-FIND(".",I11,FIND(".",I11,8)+1)) -> s009 | M11: =J11&"_"&K11&"_"&L11 -> angenent_65_s009
A12: <BioSample access="public" publication_date="2020-12-17T00:00:00.000" last_update="2021-08-23T00:27:30.000" submission_date="2020-12-19T08:06:10.800" id="17119129" accession="SAMEA7724100"> <Ids> <Id db="BioSample" is_primary="1">SAMEA7724100</Id> <Id db="SRA">ERS5471477</Id> </Ids> <Description> <Title>13114.angenent.65.s008</Title> <Organism taxonomy_id="1076179" taxonomy_name="bioreactor metagenome"> <OrganismName>bioreactor metagenome</OrganismName> </Organism> <Comment> <Paragraph>Corn Beer Fermentation Bioreactor Biomass</Paragraph> </Comment> </Description> <Owner> <Name>EBI</Name> </Owner> <Models> <Model>Generic</Model> </Models> <Package display_name="Generic">Generic.1.0</Package> <Attributes> <Attribute attribute_name="ENA first public">2020-12-17</Attribute> <Attribute attribute_name="ENA last update">2020-12-16</Attribute> <Attribute attribute_name="ENA-CHECKLIST">ERC000011</Attribute> <Attribute attribute_name="External Id">SAMEA7724100</Attribute> <Attribute attribute_name="INSDC center alias">UCSDMI</Attribute> <Attribute attribute_name="INSDC center name">University of California San Diego Microbiome Initiative</Attribute> <Attribute attribute_name="INSDC first public">2020-12-17T04:08:06Z</Attribute> <Attribute attribute_name="INSDC last update">2020-12-16T01:23:53Z</Attribute> <Attribute attribute_name="INSDC status">public</Attribute> <Attribute attribute_name="Submitter Id">qiita_sid_13114:13114.angenent.65.s008</Attribute> <Attribute attribute_name="alpha_shotgun_woltka_min10k_richness">310.0</Attribute> <Attribute attribute_name="alpha_shotgun_woltka_rar10k_richness">172.0</Attribute> <Attribute attribute_name="alpha_shotgun_woltka_rar3450_richness">57.0</Attribute> <Attribute attribute_name="collection_timestamp">4/18/16 0:00</Attribute> <Attribute attribute_name="elevation" harmonized_name="elev" display_name="elevation">123</Attribute> <Attribute attribute_name="emp500_principal_investigator">Angenent</Attribute> <Attribute attribute_name="emp500_study_id">65</Attribute> <Attribute attribute_name="emp500_title">Rumen animals and bioreactor</Attribute> <Attribute attribute_name="empo_2">Animal</Attribute> <Attribute attribute_name="empo_3">Animal proximal gut</Attribute> <Attribute attribute_name="env biome" harmonized_name="env_broad_scale" display_name="broad-scale environmental context">urban biome</Attribute> <Attribute attribute_name="env feature" harmonized_name="env_local_scale" display_name="local-scale environmental context">anaerobic bioreactor</Attribute> <Attribute attribute_name="env package" harmonized_name="env_package" display_name="environmental package">wastewater/sludge</Attribute> <Attribute attribute_name="env_material" harmonized_name="env_medium" display_name="environmental medium">anaerobic sludge</Attribute> <Attribute attribute_name="environmental_package" harmonized_name="env_package" display_name="environmental package">host-associated</Attribute> <Attribute attribute_name="geo loc name" harmonized_name="geo_loc_name" display_name="geographic location">USA: State of New York,City of Ithaca</Attribute> <Attribute attribute_name="latitude">42.44</Attribute> <Attribute attribute_name="longitude">-76.5</Attribute> <Attribute attribute_name="physical_specimen_location">UCSD Knight Lab Freezer I</Attribute> <Attribute attribute_name="project name" harmonized_name="project_name" display_name="project name">Corn Beer Fermentation Bioreactor</Attribute> <Attribute attribute_name="sample name" harmonized_name="sample_name" display_name="sample name">qiita_sid_13114:13114.angenent.65.s008</Attribute> <Attribute attribute_name="sample type" harmonized_name="sample_type" display_name="sample type">bioreactor sludge</Attribute> <Attribute attribute_name="sampling method">bulk</Attribute> <Attribute attribute_name="study_sample_number">8</Attribute> </Attributes> <Status status="live" when="2020-12-20T10:34:17.781"/> </BioSample> | B12: =FIND("gcms_sample_name",A12,1) -> #VALUE! | C12: =MID(A12,B12,68) -> #VALUE! | D12: =MID(C12,19,FIND("/Attribute",C12,1)-20) -> #VALUE! | E12: =FIND("External Id",A12,1) -> 1025 | F12: =MID(A12,E12+13,12) -> SAMEA7724100 | G12: =FIND("<Title>",A12,1) -> 317 | H12: =MID(A12,G12,68) -> <Title>13114.angenent.65.s008</Title> <Organism taxonomy_id="107 | I12: =MID(H12,8,FIND("</Title>",H12,1)-8) -> 13114.angenent.65.s008 | J12: =MID(I12,7,FIND(".",I12,8)-7) -> angenent | K12: =MID(I12,FIND(".",I12,8)+1,FIND(".",I12,FIND(".",I12,8)+1)-FIND(".",I12,8)-1) -> 65 | L12: =MID(I12,FIND(".",I12,FIND(".",I12,8)+1)+1,LEN(I12)-FIND(".",I12,FIND(".",I12,8)+1)) -> s008 | M12: =J12&"_"&K12&"_"&L12 -> angenent_65_s008
A13: <BioSample access="public" publication_date="2020-12-17T00:00:00.000" last_update="2021-08-23T00:27:30.000" submission_date="2020-12-19T08:06:10.770" id="17119128" accession="SAMEA7724099"> <Ids> <Id db="BioSample" is_primary="1">SAMEA7724099</Id> <Id db="SRA">ERS5471476</Id> </Ids> <Description> <Title>13114.angenent.65.s004</Title> <Organism taxonomy_id="1076179" taxonomy_name="bioreactor metagenome"> <OrganismName>bioreactor metagenome</OrganismName> </Organism> <Comment> <Paragraph>Corn Beer Fermentation Bioreactor Biomass</Paragraph> </Comment> </Description> <Owner> <Name>EBI</Name> </Owner> <Models> <Model>Generic</Model> </Models> <Package display_name="Generic">Generic.1.0</Package> <Attributes> <Attribute attribute_name="ENA first public">2020-12-17</Attribute> <Attribute attribute_name="ENA last update">2020-12-16</Attribute> <Attribute attribute_name="ENA-CHECKLIST">ERC000011</Attribute> <Attribute attribute_name="External Id">SAMEA7724099</Attribute> <Attribute attribute_name="INSDC center alias">UCSDMI</Attribute> <Attribute attribute_name="INSDC center name">University of California San Diego Microbiome Initiative</Attribute> <Attribute attribute_name="INSDC first public">2020-12-17T04:08:06Z</Attribute> <Attribute attribute_name="INSDC last update">2020-12-16T01:23:53Z</Attribute> <Attribute attribute_name="INSDC status">public</Attribute> <Attribute attribute_name="Submitter Id">qiita_sid_13114:13114.angenent.65.s004</Attribute> <Attribute attribute_name="alpha_shotgun_woltka_min10k_richness">514.0</Attribute> <Attribute attribute_name="alpha_shotgun_woltka_rar10k_richness">234.0</Attribute> <Attribute attribute_name="alpha_shotgun_woltka_rar3450_richness">98.0</Attribute> <Attribute attribute_name="collection_timestamp">2/12/14 0:00</Attribute> <Attribute attribute_name="elevation" harmonized_name="elev" display_name="elevation">123</Attribute> <Attribute attribute_name="emp500_principal_investigator">Angenent</Attribute> <Attribute attribute_name="emp500_study_id">65</Attribute> <Attribute attribute_name="emp500_title">Rumen animals and bioreactor</Attribute> <Attribute attribute_name="empo_2">Animal</Attribute> <Attribute attribute_name="empo_3">Animal proximal gut</Attribute> <Attribute attribute_name="env biome" harmonized_name="env_broad_scale" display_name="broad-scale environmental context">urban biome</Attribute> <Attribute attribute_name="env feature" harmonized_name="env_local_scale" display_name="local-scale environmental context">anaerobic bioreactor</Attribute> <Attribute attribute_name="env package" harmonized_name="env_package" display_name="environmental package">wastewater/sludge</Attribute> <Attribute attribute_name="env_material" harmonized_name="env_medium" display_name="environmental medium">anaerobic sludge</Attribute> <Attribute attribute_name="environmental_package" harmonized_name="env_package" display_name="environmental package">host-associated</Attribute> <Attribute attribute_name="geo loc name" harmonized_name="geo_loc_name" display_name="geographic location">USA: State of New York,City of Ithaca</Attribute> <Attribute attribute_name="latitude">42.44</Attribute> <Attribute attribute_name="longitude">-76.5</Attribute> <Attribute attribute_name="physical_specimen_location">UCSD Knight Lab Freezer I</Attribute> <Attribute attribute_name="project name" harmonized_name="project_name" display_name="project name">Corn Beer Fermentation Bioreactor</Attribute> <Attribute attribute_name="sample name" harmonized_name="sample_name" display_name="sample name">qiita_sid_13114:13114.angenent.65.s004</Attribute> <Attribute attribute_name="sample type" harmonized_name="sample_type" display_name="sample type">bioreactor sludge</Attribute> <Attribute attribute_name="sampling method">bulk</Attribute> <Attribute attribute_name="study_sample_number">4</Attribute> </Attributes> <Status status="live" when="2020-12-20T10:34:19.956"/> </BioSample> | B13: =FIND("gcms_sample_name",A13,1) -> #VALUE! | C13: =MID(A13,B13,68) -> #VALUE! | D13: =MID(C13,19,FIND("/Attribute",C13,1)-20) -> #VALUE! | E13: =FIND("External Id",A13,1) -> 1025 | F13: =MID(A13,E13+13,12) -> SAMEA7724099 | G13: =FIND("<Title>",A13,1) -> 317 | H13: =MID(A13,G13,68) -> <Title>13114.angenent.65.s004</Title> <Organism taxonomy_id="107 | I13: =MID(H13,8,FIND("</Title>",H13,1)-8) -> 13114.angenent.65.s004 | J13: =MID(I13,7,FIND(".",I13,8)-7) -> angenent | K13: =MID(I13,FIND(".",I13,8)+1,FIND(".",I13,FIND(".",I13,8)+1)-FIND(".",I13,8)-1) -> 65 | L13: =MID(I13,FIND(".",I13,FIND(".",I13,8)+1)+1,LEN(I13)-FIND(".",I13,FIND(".",I13,8)+1)) -> s004 | M13: =J13&"_"&K13&"_"&L13 -> angenent_65_s004
... A1025: <BioSample access="public" publication_date="2020-12-17T00:00:00.000" last_update="2021-08-23T00:26:54.000" submission_date="2020-12-18T17:08:11.183" id="17117399" accession="SAMEA7723554"> <Ids> <Id db="BioSample" is_primary="1">SAMEA7723554</Id> <Id db="SRA">ERS5470932</Id> </Ids> <Description> <Title>13114.zaneveld.9.s005</Title> <Organism taxonomy_id="496922" taxonomy_name="coral metagenome"> <OrganismName>coral metagenome</OrganismName> </Organism> <Comment> <Paragraph>Coral Tissue from Porites lobata sampled from site Isla Saboga,Las Perlas,Panama as sample E11.3.Por.loba.2.20150502.T of the Global Coral Microbiome Project.</Paragraph> </Comment> </Description> <Owner> <Name>EBI</Name> </Owner> <Models> <Model>Generic</Model> </Models> <Package display_name="Generic">Generic.1.0</Package> <Attributes> <Attribute attribute_name="ENA first public">2020-12-17</Attribute> <Attribute attribute_name="ENA last update">2020-12-15</Attribute> <Attribute attribute_name="ENA-CHECKLIST">ERC000011</Attribute> <Attribute attribute_name="External Id">SAMEA7723554</Attribute> <Attribute attribute_name="INSDC center alias">UCSDMI</Attribute> <Attribute attribute_name="INSDC center name">University of California San Diego Microbiome Initiative</Attribute> <Attribute attribute_name="INSDC first public">2020-12-17T04:08:05Z</Attribute> <Attribute attribute_name="INSDC last update">2020-12-15T22:07:12Z</Attribute> <Attribute attribute_name="INSDC status">public</Attribute> <Attribute attribute_name="Submitter Id">qiita_sid_13114:13114.zaneveld.9.s005</Attribute> <Attribute attribute_name="alpha_shotgun_woltka_faithspd">38.11482370546901</Attribute> <Attribute attribute_name="alpha_shotgun_woltka_min3450_faithspd">27.64065125</Attribute> <Attribute attribute_name="alpha_shotgun_woltka_min3450_richness">69.0</Attribute> <Attribute attribute_name="alpha_shotgun_woltka_min3450_shannon">2.599633361</Attribute> <Attribute attribute_name="alpha_shotgun_woltka_rar3450_faithspd">24.95028958</Attribute> <Attribute attribute_name="alpha_shotgun_woltka_rar3450_richness">59.0</Attribute> <Attribute attribute_name="alpha_shotgun_woltka_rar3450_shannon">2.59064254</Attribute> <Attribute attribute_name="alpha_shotgun_woltka_richness">107.0</Attribute> <Attribute attribute_name="alpha_shotgun_woltka_shannon">2.79315573055697</Attribute> <Attribute attribute_name="barcode_prefix">zaneveld.9.s005</Attribute> <Attribute attribute_name="binary_algal_contact">n</Attribute> <Attribute attribute_name="binary_cca_contact">n</Attribute> <Attribute attribute_name="binary_disease">n</Attribute> <Attribute attribute_name="binary_macroalgal_contact">n</Attribute> <Attribute attribute_name="binary_tissue_loss">n</Attribute> <Attribute attribute_name="binary_turf_contact">n</Attribute> <Attribute attribute_name="biological_sample_notes">PW_196 - 1% pigmentation response</Attribute> <Attribute attribute_name="cca_contact_percent">0</Attribute> <Attribute attribute_name="cca_overgrown">n</Attribute> <Attribute attribute_name="collection id">Isla Saboga_20150502</Attribute> <Attribute attribute_name="collection_timestamp">5/2/15 11:08</Attribute> <Attribute attribute_name="colony_height_m">75</Attribute> <Attribute attribute_name="colony_name">E11.3.Por.loba.2.20150502</Attribute> <Attribute attribute_name="colony_width1">150</Attribute> <Attribute attribute_name="colony_width2">190</Attribute> <Attribute attribute_name="compartment_replicates">1</Attribute> <Attribute attribute_name="coral_color">D4</Attribute> <Attribute attribute_name="cyanobacteria_contact">y</Attribute> <Attribute attribute_name="cyanobacteria_overgrown">n</Attribute> <Attribute attribute_name="cyanobacteria_percent">1</Attribute> <Attribute attribute_name="daily_replicate">2</Attribute> <Attribute attribute_name="depth_method">measured</Attribute> <Attribute attribute_name="depth_sample">2.6</Attribute> <Attribute attribute_name="disease_percent">0</Attribute> <Attribute attribute_name="dna_extracted">n</Attribute> <Attribute attribute_name="dominant_cover_2m">sand</Attribute> <Attribute attribute_name="elevation" harmonized_name="elev" display_name="elevation">0</Attribute> <Attribute attribute_name="emp500_principal_investigator">Zaneveld</Attribute> <Attribute attribute_name="emp500_study_id">9</Attribute> <Attribute attribute_name="emp500_title">Scleractinian corals</Attribute> <Attribute attribute_name="empo_0">EMP sample</Attribute> <Attribute attribute_name="empo_1">Host-associated</Attribute> <Attribute attribute_name="empo_2">Animal</Attribute> <Attribute attribute_name="empo_3">Animal secretion</Attribute> <Attribute attribute_name="env biome" harmonized_name="env_broad_scale" display_name="broad-scale environmental context">marine reef biome</Attribute> <Attribute attribute_name="env feature" harmonized_name="env_local_scale" display_name="local-scale environmental context">coral reef</Attribute> <Attribute attribute_name="env package" harmonized_name="env_package" display_name="environmental package">host-associated</Attribute> <Attribute attribute_name="env_material" harmonized_name="env_medium" display_name="environmental medium">organic material</Attribute> <Attribute attribute_name="environmental_package" harmonized_name="env_package" display_name="environmental package">host-associated</Attribute> <Attribute attribute_name="expedition_number">E11</Attribute> <Attribute attribute_name="experimental_factor" harmonized_name="experimental_factor" display_name="experimental factor">not provided</Attribute> <Attribute attribute_name="field_host_clade_sensu_fukami">III</Attribute> <Attribute attribute_name="field_host_clade_sensu_fukami_numeric">3</Attribute> <Attribute attribute_name="field_host_genus_id">Porites</Attribute> <Attribute attribute_name="field_host_name">Porites lobata</Attribute> <Attribute attribute_name="field_host_species_id">lobata</Attribute> <Attribute attribute_name="gcms_analysis_batch">note applicable</Attribute> <Attribute attribute_name="gcms_run_location">UCSD</Attribute> <Attribute attribute_name="gcms_sample_name">EMP_Feces_zaneveld_9_s005_a03_M_012</Attribute> <Attribute attribute_name="gcms_sequence">012</Attribute> <Attribute attribute_name="geo loc name" harmonized_name="geo_loc_name" display_name="geographic location">Panama</Attribute> <Attribute attribute_name="host body habitat" harmonized_name="host_body_habitat" display_name="host body habitat">UBERON:multicellular organism</Attribute> <Attribute attribute_name="host body product" harmonized_name="host_body_product" display_name="host body product">UBERON:multicellular organism</Attribute> <Attribute attribute_name="host body site" harmonized_name="host_tissue_sampled" display_name="host tissue sampled">UBERON:multicellular organism</Attribute> <Attribute attribute_name="host subject id" harmonized_name="host_subject_id" display_name="host subject id">E11.3.Por.loba.2.20150502.T</Attribute> <Attribute attribute_name="host taxid" harmonized_name="host_taxid" display_name="host taxonomy ID">104759</Attribute> <Attribute attribute_name="host_common_name_provided">stony corals</Attribute> <Attribute attribute_name="investigation type" harmonized_name="investigation_type" display_name="investigation type">metagenome</Attribute> <Attribute attribute_name="latitude">8.6274667</Attribute> <Attribute attribute_name="lcms_batch">4.00</Attribute> <Attribute attribute_name="lcms_extraction_protocol">Bulk_201901_UCSD</Attribute> <Attribute attribute_name="lcms_position">4F6</Attribute> <Attribute attribute_name="lcms_replicate">no</Attribute> <Attribute attribute_name="lcms_sample_name_cmn">4F6_7_9_zaneveld-9-s005-a04</Attribute> <Attribute attribute_name="lcms_sample_name_fbmn">4F6_7_9_zaneveld-9-s005-a04.mzML</Attribute> <Attribute attribute_name="lcms_sample_type">Sample</Attribute> <Attribute attribute_name="lcms_sample_type_sub">Bulk</Attribute> <Attribute attribute_name="local_colony_name">E11.Por.loba.2</Attribute> <Attribute attribute_name="local_sample_id">PW_196_T</Attribute> <Attribute attribute_name="longitude">-79.0547583</Attribute> <Attribute attribute_name="n_algal_contacts">0</Attribute> <Attribute attribute_name="n_macroalgal_contacts">0</Attribute> <Attribute attribute_name="original sample id">Zaneveld9.05.E11.3.Por.loba.2.20150502.T</Attribute> <Attribute attribute_name="outgroup">n</Attribute> <Attribute attribute_name="parrotfish_bites">n</Attribute> <Attribute attribute_name="physical samp avail now">y</Attribute> <Attribute attribute_name="physical_specimen_location">UCSD Knight Lab Freezer I and Medina Lab, Penn State</Attribute> <Attribute attribute_name="physical_specimen_remaining">TRUE</Attribute> <Attribute attribute_name="project name" harmonized_name="project_name" display_name="project name">Co-evolution of scleractinian corals and their microbial symbionts</Attribute> <Attribute attribute_name="read_count_shotgun_r1">13905083.0</Attribute> <Attribute attribute_name="read_count_shotgun_rep200">101208.0</Attribute> <Attribute attribute_name="read_count_shotgun_woltka_uniq">5626.0</Attribute> <Attribute attribute_name="reef_name">Isla Saboga</Attribute> <Attribute attribute_name="reef_type">Fringing Reef</Attribute> <Attribute attribute_name="sample name" harmonized_name="sample_name" display_name="sample name">qiita_sid_13114:13114.zaneveld.9.s005</Attribute> <Attribute attribute_name="sample type" harmonized_name="sample_type" display_name="sample type">coral tissue</Attribute> <Attribute attribute_name="sample_name_original">Zaneveld9.05.E11.3.Por.loba.2.20150502.T</Attribute> <Attribute attribute_name="sample_name_plus_plate">5.Zaneveld9.05.E11.3.Por.loba.2.20150502.T</Attribute> <Attribute attribute_name="sampling method">fractionated</Attribute> <Attribute attribute_name="sampling_expedition">E11_Pacific_Panama_2015</Attribute> <Attribute attribute_name="seagrass_contact">n</Attribute> <Attribute attribute_name="sediment_contact">n</Attribute> <Attribute attribute_name="site name">Las Perlas</Attribute> <Attribute attribute_name="songbird_train_empo_3">Train</Attribute> <Attribute attribute_name="study_sample_number">5</Attribute> <Attribute attribute_name="substrate" harmonized_name="substrate" display_name="substrate">sand</Attribute> <Attribute attribute_name="taxonomy_string">Cnidaria_Anthozoa_Scleractinia</Attribute> <Attribute attribute_name="taxonomy_string_with_clade">Cnidaria_Anthozoa_Scleractinia_III</Attribute> <Attribute attribute_name="temperature_deg_c">28</Attribute> <Attribute attribute_name="tier">1</Attribute> <Attribute attribute_name="tissue compartment">T</Attribute> <Attribute attribute_name="tissue_loss_percent">0</Attribute> <Attribute attribute_name="turf_contact_percent">0</Attribute> <Attribute attribute_name="turf_overgrown">n</Attribute> <Attribute attribute_name="visibility">9</Attribute> <Attribute attribute_name="visibility_method">Diver Estimate</Attribute> </Attributes> <Status status="live" when="2020-12-19T17:06:21.993"/> </BioSample> | B1025: =FIND("gcms_sample_name",A1025,1) -> 6419 | C1025: =MID(A1025,B1025,68) -> gcms_sample_name">EMP_Feces_zaneveld_9_s005_a03_M_012</Attribute> | D1025: =MID(C1025,19,FIND("/Attribute",C1025,1)-20) -> EMP_Feces_zaneveld_9_s005_a03_M_012 | E1025: =FIND("External Id",A1025,1) -> 1130 | F1025: =MID(A1025,E1025+13,12) -> SAMEA7723554 | G1025: =FIND("<Title>",A1025,1) -> 317 | H1025: =MID(A1025,G1025,68) -> <Title>13114.zaneveld.9.s005</Title> <Organism taxonomy_id="4969 | I1025: =MID(H1025,8,FIND("</Title>",H1025,1)-8) -> 13114.zaneveld.9.s005 | J1025: =MID(I1025,7,FIND(".",I1025,8)-7) -> zaneveld | K1025: =MID(I1025,FIND(".",I1025,8)+1,FIND(".",I1025,FIND(".",I1025,8)+1)-FIND(".",I1025,8)-1) -> 9 | L1025: =MID(I1025,FIND(".",I1025,FIND(".",I1025,8)+1)+1,LEN(I1025)-FIND(".",I1025,FIND(".",I1025,8)+1)) -> s005 | M1025: =J1025&"_"&K1025&"_"&L1025 -> zaneveld_9_s005

Sheet DMS SQL
A1: USE DMS5 --on gigasax server, using SQL server management studio
A2: SELECT dbo.T_Dataset.Dataset_Num, dbo.T_Dataset.Dataset_ID, dbo.T_Dataset.DS_comment, dbo.T_Dataset.DS_instrument_name_ID, dbo.T_Dataset.DS_storage_path_ID, dbo.T_Dataset.DS_rating, dbo.T_Dataset.Acq_Time_Start,
A3: dbo.T_Dataset.Acq_Time_End, dbo.T_Dataset.Acq_Length_Minutes, dbo.T_Instrument_Name.IN_name,
A4: dbo.T_Storage_Path.SP_vol_name_client + dbo.T_Storage_Path.SP_instrument_name + '\2018_3\' + dbo.T_Dataset.Dataset_Num + '\' AS StoragePath
A5: FROM dbo.T_Dataset INNER JOIN
A6: dbo.T_Instrument_Name ON dbo.T_Dataset.DS_instrument_name_ID = dbo.T_Instrument_Name.Instrument_ID INNER JOIN
A7: dbo.T_Storage_Path ON dbo.T_Dataset.DS_storage_path_ID = dbo.T_Storage_Path.SP_path_ID
A8: WHERE (dbo.T_Dataset.Dataset_Num IN ('EMP_Cen01_14_085_GC', 'EMP_Cen03_14_092_GC', 'EMP_Cen06_14_087_GC', 'EMP_Cen12_12_084_GC', 'EMP_Cen14_12_089_GC', 'EMP_Cen15_12_090_GC', 'EMP_Cen16_12_086_GC',
A9: 'EMP_Cen17_12_088_GC', 'EMP_Cen19_12_093_GC', 'EMP_Cen20_12_091_GC', 'EMP_Feces_angenent_65_s001_a03_M_185', 'EMP_Feces_angenent_65_s002_a03_M_186', 'EMP_Feces_angenent_65_s005_a03_M_187',
A10: 'EMP_Feces_angenent_65_s006_a03_M_188', 'EMP_Feces_angenent_65_s007_a03_M_189', 'EMP_Feces_berry_2_s001_a03_M_258', 'EMP_Feces_berry_2_s002_a03_M_090', 'EMP_Feces_berry_2_s003_a03_M_091',
A11: 'EMP_Feces_berry_2_s004_a03_M_092', 'EMP_Feces_berry_2_s005_a03_M_093', 'EMP_Feces_berry_2_s006_a03_M_094', 'EMP_Feces_berry_2_s007_a03_M_098', 'EMP_Feces_berry_2_s008_a03_M_096',
A12: 'EMP_Feces_berry_2_s009_a03_M_097', 'EMP_Feces_berry_2_s010_a03_M_099', 'EMP_Feces_berry_2_s011_a03_M_001', 'EMP_Feces_berry_2_s012_a03_M_095', 'EMP_Feces_berry_2_s013_a03_M_259',
... A100: 'GCMS_FAMEs_01_GCMS02_20180921', 'GCMS_FAMEs_01_GCMS02_20180924', 'GCMS_FAMEs_01_GCMS02_20180925', 'GCMS_FAMEs_01_GCMS02_20180926', 'GCMS_FAMEs_01_GCMS02_20180927'))

Sheet GOLD JSON
A1: { | B1: 1
A2: "biosample_set": [ | B2: =B1+1 -> 2
A3: { | B3: =B2+1 -> 3
A4: "add_date": "2019-09-03", | B4: =B3+1 -> 4
A5: "associated_studies": ["nmdc:sty-11-547rwq94"], | B5: =B4+1 -> 5
A6: "collection_date": { | B6: =B5+1 -> 6
A7: "has_raw_value": "2013-08-02", | B7: =B6+1 -> 7
A8: "type": "nmdc:TimestampValue" | B8: =B7+1 -> 8
A9: }, | B9: =B8+1 -> 9
A10: "description": "Arctic glacier soil microbial communities from Hook Island, Arctic Ocean", | B10: =B9+1 -> 10
A11: "ecosystem": "Environmental", | B11: =B10+1 -> 11
A12: "ecosystem_category": "Terrestrial", | B12: =B11+1 -> 12
A13: "ecosystem_subtype": "Glacier", | B13: =B12+1 -> 13
... A34791: } | B34791: =B34790+1 -> 34791

Sheet anc gold to biosample
A1: ncbi biosample | B1: gold biosample
A2: SAMEA7723944 | B2: Gb0239864
A3: SAMEA7724297 | B3: Gb0239918
A4: SAMEA7724298 | B4: Gb0239919
A5: SAMEA7724299 | B5: Gb0239920
A6: SAMEA7724300 | B6: Gb0239921
A7: SAMEA7724301 | B7: Gb0239922
A8: SAMEA7724302 | B8: Gb0239923
A9: SAMEA7724303 | B9: Gb0239924
A10: SAMEA7724304 | B10: Gb0239925
A11: SAMEA7724305 | B11: Gb0239926
A12: SAMEA7724306 | B12: Gb0239927
... A1025: SAMEA7723608 | B1025: Gb0316050

Sheet anc nmdc ncbi gold
A1: gold_biosample_identifiers[0] | B1: id | C1: insdc_biosample_identifiers[0] | D1: status
A2: Gb0239918 | B2: nmdc:bsm-11-mrymeq51 | C2: SAMEA7724297 | D2: In mongo prod
A3: Gb0239921 | B3: nmdc:bsm-11-kd6btp32 | C3: SAMEA7724300 | D3: In mongo prod
A4: Gb0240065 | B4: nmdc:bsm-11-hncxy943 | C4: SAMEA7724204 | D4: In mongo prod
A5: Gb0239940 | B5: nmdc:bsm-11-8s8j4g78 | C5: SAMEA7724290 | D5: In mongo prod
A6: Gb0240046 | B6: nmdc:bsm-11-vbchye78 | C6: SAMEA7724342 | D6: In mongo prod
A7: Gb0240028 | B7: nmdc:bsm-11-mczws366 | C7: SAMEA7724314 | D7: In mongo prod
A8: Gb0240026 | B8: nmdc:bsm-11-p2h9n451 | C8: SAMEA7724312 | D8: In mongo prod
A9: Gb0240039 | B9: nmdc:bsm-11-gfghc374 | C9: SAMEA7724335 | D9: In mongo prod
A10: Gb0240032 | B10: nmdc:bsm-11-3kpex275 | C10: SAMEA7724318 | D10: In mongo prod
A11: Gb0240054 | B11: nmdc:bsm-11-vkyfya78 | C11: SAMEA7724227 | D11: In mongo prod
A12: Gb0240041 | B12: nmdc:bsm-11-3h3w1c57 | C12: SAMEA7724337 | D12: In mongo prod
... A81: Gb0239923 | B81: nmdc:bsm-11-n0kmyd38 | C81: SAMEA7724302 | D81: In mongo prod
A82: Gb0239928 | B82: nmdc:bsm-11-48fce216 | D82: missing insdc id
A83: Gb0239989 | B83: nmdc:bsm-11-9vgv4n74 | D83: missing insdc id
A84: Gb0240069 | B84: nmdc:bsm-11-zkmg3e40 | D84: missing insdc id
A85: Gb0240099 | B85: nmdc:bsm-11-nb4afx05 | D85: missing insdc id
A86: Gb0239958 | B86: nmdc:bsm-11-3b5xj746 | D86: missing insdc id
A87: Gb0239985 | B87: nmdc:bsm-11-d4qctw23 | D87: missing insdc id
A88: Gb0240056 | B88: nmdc:bsm-11-3nhs7493 | D88: missing insdc id
A89: Gb0240068 | B89: nmdc:bsm-11-4c975136 | D89: missing insdc id
A90: Gb0240083 | B90: nmdc:bsm-11-fwsw0p21 | D90: missing insdc id
A91: Gb0315925 | B91: nmdc:bsm-11-ndkgfw04 | D91: missing insdc id
A92: Gb0315927 | B92: nmdc:bsm-11-vv5sjw02 | D92: missing insdc id
A93: Gb0315734 | B93: nmdc:bsm-11-xv04hc89 | D93: missing insdc id
... A818: Gb0315460 | B818: nmdc:bsm-12-75ph9c09 | D818: draft json, not in mongo yet

Sheet GOLD json table
A1: row | B1: add_date | C1: associated_studies | D1: collection_date | E1: description | F1: ecosystem | G1: ecosystem_category | H1: ecosystem_subtype | I1: ecosystem_type | J1: elev | K1: env_broad_scale | L1: env_local_scale | M1: env_medium | N1: geo_loc_name | O1: gold_biosample_identifiers | P1: habitat | Q1: id | R1: lat_lon | S1: location | T1: mod_date | U1: name | V1: ncbi_taxonomy_name | W1: samp_name | X1: samp_taxon_id | Y1: sample_collection_site | Z1: specific_ecosystem | AA1: type | AB1: host_name | AC1: host_taxid | AD1: depth
A2: 1 | B2: 43711 | C2: [+] associated_studies[1] | D2: [+] collection_date {} | E2: Arctic glacier soil microbial communities from Hook Island, Arctic Ocean | F2: Environmental | G2: Terrestrial | H2: Glacier | I2: Soil | J2: 0 | K2: [+] env_broad_scale {} | L2: [+] env_local_scale {} | M2: [+] env_medium {} | N2: [+] geo_loc_name {} | O2: [+] gold_biosample_identifiers[1] | P2: Arctic glacier soil | Q2: nmdc:bsm-11-48fce216 | R2: [+] lat_lon {} | S2: Arctic Ocean | T2: 45399 | U2: Arctic glacier soil microbial communities from Hook Island, Arctic Ocean - Rohwer84.arctic.glacier.soil.FJLH2 | V2: soil metagenome | W2: Rohwer84.arctic.glacier.soil.FJLH2 | X2: [+] samp_taxon_id {} | Y2: Arctic glacier soil | Z2: Unclassified | AA2: nmdc:Biosample
A3: 2 | B3: 43711 | C3: [+] associated_studies[1] | D3: [+] collection_date {} | E3: Montane desert soil microbial communities from Mustang Region, Nepal | F3: Environmental | G3: Terrestrial | H3: Sand | I3: Soil | J3: 5110 | K3: [+] env_broad_scale {} | L3: [+] env_local_scale {} | M3: [+] env_medium {} | N3: [+] geo_loc_name {} | O3: [+] gold_biosample_identifiers[1] | P3: Montane desert soil | Q3: nmdc:bsm-11-9vgv4n74 | R3: [+] lat_lon {} | S3: Nepal | T3: 45399 | U3: Montane desert soil microbial communities from Mustang Region, Nepal - Schmidt56.soil.Nepal.1 | V3: soil metagenome | W3: Schmidt56.soil.Nepal.1 | X3: [+] samp_taxon_id {} | Y3: Montane desert soil | Z3: Desert | AA3: nmdc:Biosample
A4: 3 | B4: 43711 | C4: [+] associated_studies[1] | D4: [+] collection_date {} | E4: Temperate coniferous forest soil microbial communities from Oregon, Tillamook County, USA | F4: Environmental | G4: Terrestrial | H4: Temperate forest | I4: Soil | J4: 311 | K4: [+] env_broad_scale {} | L4: [+] env_local_scale {} | M4: [+] env_medium {} | N4: [+] geo_loc_name {} | O4: [+] gold_biosample_identifiers[1] | P4: Temperate coniferous forest soil | Q4: nmdc:bsm-11-zkmg3e40 | R4: [+] lat_lon {} | S4: USA | T4: 45399 | U4: Temperate coniferous forest soil microbial communities from Oregon, Tillamook County, USA - Myrold5.soil.2.CHDF2 | V4: soil metagenome | W4: Myrold5.soil.2.CHDF2 | X4: [+] samp_taxon_id {} | Y4: Temperate coniferous forest soil | Z4: Bulk soil | AA4: nmdc:Biosample
A5: 4 | B5: 43711 | C5: [+] associated_studies[1] | D5: [+] collection_date {} | E5: Terrestrial rangeland soil microbial communities from Oregon, Klamath County, USA | F5: Environmental | G5: Terrestrial | H5: Unclassified | I5: Soil | J5: 1379 | K5: [+] env_broad_scale {} | L5: [+] env_local_scale {} | M5: [+] env_medium {} | N5: [+] geo_loc_name {} | O5: [+] gold_biosample_identifiers[1] | P5: Terrestrial rangeland soil | Q5: nmdc:bsm-11-nb4afx05 | R5: [+] lat_lon {} | S5: USA | T5: 45399 | U5: Terrestrial rangeland soil microbial communities from Oregon, Klamath County, USA - Myrold59.soil.7.NRCS0171 | V5: soil metagenome | W5: Myrold59.soil.7.NRCS0171 | X5: [+] samp_taxon_id {} | Y5: Terrestrial rangeland soil | Z5: Unclassified | AA5: nmdc:Biosample
A6: 5 | B6: 43711 | C6: [+] associated_studies[1] | D6: [+] collection_date {} | E6: Grasslands and shrubland soil microbial communities from Mongolia | F6: Environmental | G6: Terrestrial | H6: Unclassified | I6: Soil | J6: 1747 | K6: [+] env_broad_scale {} | L6: [+] env_local_scale {} | M6: [+] env_medium {} | N6: [+] geo_loc_name {} | O6: [+] gold_biosample_identifiers[1] | P6: Grasslands and shrubland soil | Q6: nmdc:bsm-11-3b5xj746 | R6: [+] lat_lon {} | S6: Mongolia | T6: 45399 | U6: Grasslands and shrubland soil microbial communities from Mongolia - MacRae3.soil.6 | V6: soil metagenome | W6: MacRae3.soil.6 | X6: [+] samp_taxon_id {} | Y6: Grasslands and shrubland soil | Z6: Grasslands | AA6: nmdc:Biosample
A7: 6 | B7: 43711 | C7: [+] associated_studies[1] | D7: [+] collection_date {} | E7: Marine salt marsh soil microbial communities from Province of Huelva, Spain | F7: Environmental | G7: Aquatic | H7: Intertidal zone | I7: Marine | J7: 3 | K7: [+] env_broad_scale {} | L7: [+] env_local_scale {} | M7: [+] env_medium {} | N7: [+] geo_loc_name {} | O7: [+] gold_biosample_identifiers[1] | P7: Marine salt marsh soil | Q7: nmdc:bsm-11-d4qctw23 | R7: [+] lat_lon {} | S7: Spain | T7: 45399 | U7: Marine salt marsh soil microbial communities from Province of Huelva, Spain - RoyChowdhury45.soil.21.SO4.1 | V7: salt marsh metagenome | W7: RoyChowdhury45.soil.21.SO4.1 | X7: [+] samp_taxon_id {} | Y7: Marine salt marsh soil | Z7: Salt marsh | AA7: nmdc:Biosample
A8: 7 | B8: 43711 | C8: [+] associated_studies[1] | D8: [+] collection_date {} | E8: Temperate coniferous forest soil microbial communities from Oregon, Klamath County, USA | F8: Environmental | G8: Terrestrial | H8: Temperate forest | I8: Soil | J8: 1473 | K8: [+] env_broad_scale {} | L8: [+] env_local_scale {} | M8: [+] env_medium {} | N8: [+] geo_loc_name {} | O8: [+] gold_biosample_identifiers[1] | P8: Temperate coniferous forest soil | Q8: nmdc:bsm-11-3nhs7493 | R8: [+] lat_lon {} | S8: USA | T8: 45399 | U8: Temperate coniferous forest soil microbial communities from Oregon, Klamath County, USA - Myrold59.soil.6.NRCS0166 | V8: soil metagenome | W8: Myrold59.soil.6.NRCS0166 | X8: [+] samp_taxon_id {} | Y8: Temperate coniferous forest soil | Z8: Bulk soil | AA8: nmdc:Biosample
A9: 8 | B9: 43711 | C9: [+] associated_studies[1] | D9: [+] collection_date {} | E9: Temperate coniferous forest soil microbial communities from Oregon, Tillamook County, USA | F9: Environmental | G9: Terrestrial | H9: Temperate forest | I9: Soil | J9: 286 | K9: [+] env_broad_scale {} | L9: [+] env_local_scale {} | M9: [+] env_medium {} | N9: [+] geo_loc_name {} | O9: [+] gold_biosample_identifiers[1] | P9: Temperate coniferous forest soil | Q9: nmdc:bsm-11-4c975136 | R9: [+] lat_lon {} | S9: USA | T9: 45399 | U9: Temperate coniferous forest soil microbial communities from Oregon, Tillamook County, USA - Myrold5.soil.1.CHDF1 | V9: soil metagenome | W9: Myrold5.soil.1.CHDF1 | X9: [+] samp_taxon_id {} | Y9: Temperate coniferous forest soil | Z9: Bulk soil | AA9: nmdc:Biosample
A10: 9 | B10: 43711 | C10: [+] associated_studies[1] | D10: [+] collection_date {} | E10: Temperate grassland soil microbial communities from Colorado, Boulder, USA | F10: Environmental | G10: Terrestrial | H10: Unclassified | I10: Soil | J10: 1624.1 | K10: [+] env_broad_scale {} | L10: [+] env_local_scale {} | M10: [+] env_medium {} | N10: [+] geo_loc_name {} | O10: [+] gold_biosample_identifiers[1] | P10: Temperate grassland soil | Q10: nmdc:bsm-11-fwsw0p21 | R10: [+] lat_lon {} | S10: USA | T10: 45399 | U10: Temperate grassland soil microbial communities from Colorado, Boulder, USA - Metcalf40.10141.G.soil.T5.5 | V10: soil metagenome | W10: Metcalf40.10141.G.soil.T5.5 | X10: [+] samp_taxon_id {} | Y10: Temperate grassland soil | Z10: Grasslands | AA10: nmdc:Biosample
A11: 10 | B11: 44652 | C11: [+] associated_studies[1] | D11: [+] collection_date {} | E11: Fecal microbial communities from bank vole in forest near Chernobyl, Ukraine | F11: Host-associated | G11: Mammals | H11: Large intestine | I11: Digestive system | K11: [+] env_broad_scale {} | L11: [+] env_local_scale {} | M11: [+] env_medium {} | N11: [+] geo_loc_name {} | O11: [+] gold_biosample_identifiers[1] | P11: Fecal | Q11: nmdc:bsm-11-ndkgfw04 | R11: [+] lat_lon {} | S11: Ukraine | T11: 45399 | U11: Fecal microbial communities from bank vole in forest near Chernobyl, Ukraine - 13114.mousseau.88.s054 | V11: gut metagenome | W11: 13114.mousseau.88.s054 | X11: [+] samp_taxon_id {} | Y11: animal feces | Z11: Fecal | AA11: nmdc:Biosample | AB11: Myodes glareolus | AC11: [+] host_taxid {}
A12: 11 | B12: 44652 | C12: [+] associated_studies[1] | D12: [+] collection_date {} | E12: Fecal microbial communities from bank vole in forest near Chernobyl, Ukraine | F12: Host-associated | G12: Mammals | H12: Large intestine | I12: Digestive system | K12: [+] env_broad_scale {} | L12: [+] env_local_scale {} | M12: [+] env_medium {} | N12: [+] geo_loc_name {} | O12: [+] gold_biosample_identifiers[1] | P12: Fecal | Q12: nmdc:bsm-11-vv5sjw02 | R12: [+] lat_lon {} | S12: Ukraine | T12: 45399 | U12: Fecal microbial communities from bank vole in forest near Chernobyl, Ukraine - 13114.mousseau.88.s056 | V12: gut metagenome | W12: 13114.mousseau.88.s056 | X12: [+] samp_taxon_id {} | Y12: animal feces | Z12: Fecal | AA12: nmdc:Biosample | AB12: Myodes glareolus | AC12: [+] host_taxid {}
A13: 12 | B13: 44652 | C13: [+] associated_studies[1] | D13: [+] collection_date {} | E13: Pitcher plant fluid microbial communities from Maliau Basin Conservation Area, Malaysia | F13: Host-associated | G13: Plants | H13: Phytotelma | I13: Pitcher | K13: [+] env_broad_scale {} | L13: [+] env_local_scale {} | M13: [+] env_medium {} | N13: [+] geo_loc_name {} | O13: [+] gold_biosample_identifiers[1] | P13: Pitcher plant fluid | Q13: nmdc:bsm-11-xv04hc89 | R13: [+] lat_lon {} | S13: Malaysia | T13: 45399 | U13: Pitcher plant fluid microbial communities from Maliau Basin Conservation Area, Malaysia - 13114.bittleston.68.s009 | V13: plant metagenome | W13: 13114.bittleston.68.s009 | X13: [+] samp_taxon_id {} | Y13: Pitcher plant fluid | Z13: Unclassified | AA13: nmdc:Biosample | AB13: Pitcher plant
A14: 13 | B14: 44652 | C14: [+] associated_studies[1] | D14: [+] collection_date {} | E14: Fecal microbial communities from giant anteater in National Zoo, Maryland, USA | F14: Host-associated | G14: Mammals | H14: Large intestine | I14: Digestive system | K14: [+] env_broad_scale {} | L14: [+] env_local_scale {} | M14: [+] env_medium {} | N14: [+] geo_loc_name {} | O14: [+] gold_biosample_identifiers[1] | P14: Fecal | Q14: nmdc:bsm-11-ne6r3m37 | R14: [+] lat_lon {} | S14: USA | T14: 45399 | U14: Fecal microbial communities from giant anteater in National Zoo, Maryland, USA - 13114.song.51.s020 | V14: gut metagenome | W14: 13114.song.51.s020 | X14: [+] samp_taxon_id {} | Y14: animal feces | Z14: Fecal | AA14: nmdc:Biosample | AB14: Myrmecophaga tridactyla | AC14: [+] host_taxid {}
A15: 14 | B15: 44652 | C15: [+] associated_studies[1] | D15: [+] collection_date {} | E15: Fecal microbial communities from green anaconda in National Zoo, Maryland, USA | F15: Host-associated | G15: Reptilia | H15: Large intestine | I15: Digestive system | K15: [+] env_broad_scale {} | L15: [+] env_local_scale {} | M15: [+] env_medium {} | N15: [+] geo_loc_name {} | O15: [+] gold_biosample_identifiers[1] | P15: Fecal | Q15: nmdc:bsm-11-t4qhe818 | R15: [+] lat_lon {} | S15: USA | T15: 45399 | U15: Fecal microbial communities from green anaconda in National Zoo, Maryland, USA - 13114.song.52.s007 | V15: gut metagenome | W15: 13114.song.52.s007 | X15: [+] samp_taxon_id {} | Y15: animal feces | Z15: Fecal | AA15: nmdc:Biosample | AB15: Eunectes murinus | AC15: [+] host_taxid {}
A16: 15 | B16: 44652 | C16: [+] associated_studies[1] | D16: [+] collection_date {} | E16: Lake sediment microbial communities from Hampden County, Massachusetts, USA | F16: Environmental | G16: Aquatic | H16: Lake | I16: Freshwater | K16: [+] env_broad_scale {} | L16: [+] env_local_scale {} | M16: [+] env_medium {} | N16: [+] geo_loc_name {} | O16: [+] gold_biosample_identifiers[1] | P16: Lake sediment | Q16: nmdc:bsm-11-h4j9h726 | R16: [+] lat_lon {} | S16: USA | T16: 45399 | U16: Lake sediment microbial communities from Hampden County, Massachusetts, USA - 13114.berry.2.s002 | V16: freshwater sediment metagenome | W16: 13114.berry.2.s002 | X16: [+] samp_taxon_id {} | Y16: lake sediment | Z16: Sediment | AA16: nmdc:Biosample | AD16: [+] depth {}
A17: 16 | B17: 44652 | C17: [+] associated_studies[1] | D17: [+] collection_date {} | E17: Lake sediment microbial communities from Norfolk County, Massachusetts, USA | F17: Environmental | G17: Aquatic | H17: Lake | I17: Freshwater | K17: [+] env_broad_scale {} | L17: [+] env_local_scale {} | M17: [+] env_medium {} | N17: [+] geo_loc_name {} | O17: [+] gold_biosample_identifiers[1] | P17: Lake sediment | Q17: nmdc:bsm-11-axfff262 | R17: [+] lat_lon {} | S17: USA | T17: 45399 | U17: Lake sediment microbial communities from Norfolk County, Massachusetts, USA - 13114.berry.2.s014 | V17: freshwater sediment metagenome | W17: 13114.berry.2.s014 | X17: [+] samp_taxon_id {} | Y17: lake sediment | Z17: Sediment | AA17: nmdc:Biosample | AD17: [+] depth {}
A18: 17 | B18: 44652 | C18: [+] associated_studies[1] | D18: [+] collection_date {} | E18: Fecal microbial communities from bank vole in forest near Chernobyl, Ukraine | F18: Host-associated | G18: Mammals | H18: Large intestine | I18: Digestive system | K18: [+] env_broad_scale {} | L18: [+] env_local_scale {} | M18: [+] env_medium {} | N18: [+] geo_loc_name {} | O18: [+] gold_biosample_identifiers[1] | P18: Fecal | Q18: nmdc:bsm-11-0t4hha86 | R18: [+] lat_lon {} | S18: Ukraine | T18: 45399 | U18: Fecal microbial communities from bank vole in forest near Chernobyl, Ukraine - 13114.mousseau.88.s001 | V18: gut metagenome | W18: 13114.mousseau.88.s001 | X18: [+] samp_taxon_id {} | Y18: animal feces | Z18: Fecal | AA18: nmdc:Biosample | AB18: Myodes glareolus | AC18: [+] host_taxid {}
A19: 18 | B19: 44652 | C19: [+] associated_studies[1] | D19: [+] collection_date {} | E19: Fecal microbial communities from bank vole in forest near Chernobyl, Ukraine | F19: Host-associated | G19: Mammals | H19: Large intestine | I19: Digestive system | K19: [+] env_broad_scale {} | L19: [+] env_local_scale {} | M19: [+] env_medium {} | N19: [+] geo_loc_name {} | O19: [+] gold_biosample_identifiers[1] | P19: Fecal | Q19: nmdc:bsm-11-g53gv029 | R19: [+] lat_lon {} | S19: Ukraine | T19: 45399 | U19: Fecal microbial communities from bank vole in forest near Chernobyl, Ukraine - 13114.mousseau.88.s061 | V19: gut metagenome | W19: 13114.mousseau.88.s061 | X19: [+] samp_taxon_id {} | Y19: animal feces | Z19: Fecal | AA19: nmdc:Biosample | AB19: Myodes glareolus | AC19: [+] host_taxid {}
A20: 19 | B20: 44652 | C20: [+] associated_studies[1] | D20: [+] collection_date {} | E20: Shipworm gills microbial communities from Puget Sound, Washington, USA | F20: Host-associated | G20: Mollusca | H20: Gills | I20: Respiratory system | K20: [+] env_broad_scale {} | L20: [+] env_local_scale {} | M20: [+] env_medium {} | N20: [+] geo_loc_name {} | O20: [+] gold_biosample_identifiers[1] | P20: Shipworm gills | Q20: nmdc:bsm-11-k0trwf39 | R20: [+] lat_lon {} | S20: USA | T20: 45399 | U20: Shipworm gills microbial communities from Puget Sound, Washington, USA - 13114.distel.72.s003 | V20: mollusc metagenome | W20: 13114.distel.72.s003 | X20: [+] samp_taxon_id {} | Y20: shipworm gill | Z20: Unclassified | AA20: nmdc:Biosample | AB20: Bankia setacea | AC20: [+] host_taxid {}
A21: 20 | B21: 44652 | C21: [+] associated_studies[1] | D21: [+] collection_date {} | E21: Fecal microbial communities from bank vole in forest near Chernobyl, Ukraine | F21: Host-associated | G21: Mammals | H21: Large intestine | I21: Digestive system | K21: [+] env_broad_scale {} | L21: [+] env_local_scale {} | M21: [+] env_medium {} | N21: [+] geo_loc_name {} | O21: [+] gold_biosample_identifiers[1] | P21: Fecal | Q21: nmdc:bsm-11-wvfe0f23 | R21: [+] lat_lon {} | S21: Ukraine | T21: 45399 | U21: Fecal microbial communities from bank vole in forest near Chernobyl, Ukraine - 13114.mousseau.88.s099 | V21: gut metagenome | W21: 13114.mousseau.88.s099 | X21: [+] samp_taxon_id {} | Y21: animal feces | Z21: Fecal | AA21: nmdc:Biosample | AB21: Myodes glareolus | AC21: [+] host_taxid {}
A22: 21 | B22: 44652 | C22: [+] associated_studies[1] | D22: [+] collection_date {} | E22: Lake sediment microbial communities from Hampden County, Massachusetts, USA | F22: Environmental | G22: Aquatic | H22: Lake | I22: Freshwater | K22: [+] env_broad_scale {} | L22: [+] env_local_scale {} | M22: [+] env_medium {} | N22: [+] geo_loc_name {} | O22: [+] gold_biosample_identifiers[1] | P22: Lake sediment | Q22: nmdc:bsm-11-n7ccva60 | R22: [+] lat_lon {} | S22: USA | T22: 45399 | U22: Lake sediment microbial communities from Hampden County, Massachusetts, USA - 13114.berry.2.s006 | V22: freshwater sediment metagenome | W22: 13114.berry.2.s006 | X22: [+] samp_taxon_id {} | Y22: lake sediment | Z22: Sediment | AA22: nmdc:Biosample | AD22: [+] depth {}
A23: 22 | B23: 44652 | C23: [+] associated_studies[1] | D23: [+] collection_date {} | E23: Zompopas fungus garden dump microbial communities from Carara National Park, Costa Rica | F23: Environmental | G23: Terrestrial | H23: Insects nest | I23: Nest | K23: [+] env_broad_scale {} | L23: [+] env_local_scale {} | M23: [+] env_medium {} | N23: [+] geo_loc_name {} | O23: [+] gold_biosample_identifiers[1] | P23: Zompopas fungus garden dump | Q23: nmdc:bsm-11-brg2nk42 | R23: [+] lat_lon {} | S23: Costa Rica | T23: 45399 | U23: Zompopas fungus garden dump microbial communities from Carara National Park, Costa Rica - 13114.pinto.63.s018 | V23: insect metagenome | W23: 13114.pinto.63.s018 | X23: [+] samp_taxon_id {} | Y23: leafcutter ants fungus garden dump | Z23: Nest dump | AA23: nmdc:Biosample
A24: 23 | B24: 44652 | C24: [+] associated_studies[1] | D24: [+] collection_date {} | E24: Fecal microbial communities from fin whale in Massachusetts, USA | F24: Host-associated | G24: Mammals | H24: Large intestine | I24: Digestive system | J24: 0 | K24: [+] env_broad_scale {} | L24: [+] env_local_scale {} | M24: [+] env_medium {} | N24: [+] geo_loc_name {} | O24: [+] gold_biosample_identifiers[1] | P24: Fecal | Q24: nmdc:bsm-11-7kk2qd96 | R24: [+] lat_lon {} | S24: USA | T24: 45399 | U24: Fecal microbial communities from fin whale in Massachusetts, USA - 13114.girguis.50.s002 | V24: gut metagenome | W24: 13114.girguis.50.s002 | X24: [+] samp_taxon_id {} | Y24: animal feces | Z24: Fecal | AA24: nmdc:Biosample | AB24: Balaenoptera physalus | AC24: [+] host_taxid {}
A25: 24 | B25: 44652 | C25: [+] associated_studies[1] | D25: [+] collection_date {} | E25: Lake sediment microbial communities from Town of Ludlow, Massachusetts, USA | F25: Environmental | G25: Aquatic | H25: Lake | I25: Freshwater | K25: [+] env_broad_scale {} | L25: [+] env_local_scale {} | M25: [+] env_medium {} | N25: [+] geo_loc_name {} | O25: [+] gold_biosample_identifiers[1] | P25: Lake sediment | Q25: nmdc:bsm-11-1026rp71 | R25: [+] lat_lon {} | S25: USA | T25: 45399 | U25: Lake sediment microbial communities from Town of Ludlow, Massachusetts, USA - 13114.berry.2.s012 | V25: freshwater sediment metagenome | W25: 13114.berry.2.s012 | X25: [+] samp_taxon_id {} | Y25: lake sediment | Z25: Sediment | AA25: nmdc:Biosample | AD25: [+] depth {}
A26: 25 | B26: 44652 | C26: [+] associated_studies[1] | D26: [+] collection_date {} | E26: Sponge tissue microbial communities from Davies Reef, Great Barrier Reef, Queensland, Australia | F26: Host-associated | G26: Porifera | H26: Tissue | I26: Sponge | J26: 0 | K26: [+] env_broad_scale {} | L26: [+] env_local_scale {} | M26: [+] env_medium {} | N26: [+] geo_loc_name {} | O26: [+] gold_biosample_identifiers[1] | P26: Sponge tissue | Q26: nmdc:bsm-11-3kpvrr32 | R26: [+] lat_lon {} | S26: Australia | T26: 45399 | U26: Sponge tissue microbial communities from Davies Reef, Great Barrier Reef, Queensland, Australia - 13114.thomas.18.s018 | V26: sponge metagenome | W26: 13114.thomas.18.s018 | X26: [+] samp_taxon_id {} | Y26: sponge tissue | Z26: Unclassified | AA26: nmdc:Biosample | AB26: Ircinia ramosa | AC26: [+] host_taxid {}
A27: 26 | B27: 44652 | C27: [+] associated_studies[1] | D27: [+] collection_date {} | E27: Fecal microbial communities from bank vole in forest near Chernobyl, Ukraine | F27: Host-associated | G27: Mammals | H27: Large intestine | I27: Digestive system | K27: [+] env_broad_scale {} | L27: [+] env_local_scale {} | M27: [+] env_medium {} | N27: [+] geo_loc_name {} | O27: [+] gold_biosample_identifiers[1] | P27: Fecal | Q27: nmdc:bsm-11-n958jr49 | R27: [+] lat_lon {} | S27: Ukraine | T27: 45399 | U27: Fecal microbial communities from bank vole in forest near Chernobyl, Ukraine - 13114.mousseau.88.s009 | V27: gut metagenome | W27: 13114.mousseau.88.s009 | X27: [+] samp_taxon_id {} | Y27: animal feces | Z27: Fecal | AA27: nmdc:Biosample | AB27: Myodes glareolus | AC27: [+] host_taxid {}
A28: 27 | B28: 44652 | C28: [+] associated_studies[1] | D28: [+] collection_date {} | E28: Fecal microbial communities from bank vole in forest near Chernobyl, Ukraine | F28: Host-associated | G28: Mammals | H28: Large intestine | I28: Digestive system | K28: [+] env_broad_scale {} | L28: [+] env_local_scale {} | M28: [+] env_medium {} | N28: [+] geo_loc_name {} | O28: [+] gold_biosample_identifiers[1] | P28: Fecal | Q28: nmdc:bsm-11-j4vzev92 | R28: [+] lat_lon {} | S28: Ukraine | T28: 45399 | U28: Fecal microbial communities from bank vole in forest near Chernobyl, Ukraine - 13114.mousseau.88.s016 | V28: gut metagenome | W28: 13114.mousseau.88.s016 | X28: [+] samp_taxon_id {} | Y28: animal feces | Z28: Fecal | AA28: nmdc:Biosample | AB28: Myodes glareolus | AC28: [+] host_taxid {}
A29: 28 | B29: 44652 | C29: [+] associated_studies[1] | D29: [+] collection_date {} | E29: Fish gut microbial communities from Scripps Coastal Reserve, CA, USA | F29: Host-associated | G29: Fish | H29: Intestine | I29: Digestive system | J29: 0 | K29: [+] env_broad_scale {} | L29: [+] env_local_scale {} | M29: [+] env_medium {} | N29: [+] geo_loc_name {} | O29: [+] gold_biosample_identifiers[1] | P29: Fish gut | Q29: nmdc:bsm-11-emmkhn09 | R29: [+] lat_lon {} | S29: USA | T29: 45399 | U29: Fish gut microbial communities from Scripps Coastal Reserve, CA, USA - 13114.sandin.54.s004 | V29: gut metagenome | W29: 13114.sandin.54.s004 | X29: [+] samp_taxon_id {} | Y29: fish gut content | Z29: Unclassified | AA29: nmdc:Biosample | AB29: Atherinopsis californiensis | AC29: [+] host_taxid {}
A30: 29 | B30: 44652 | C30: [+] associated_studies[1] | D30: [+] collection_date {} | E30: Zompopas fungus garden microbial communities from Puerto Viejo, Costa Rica | F30: Environmental | G30: Terrestrial | H30: Insects nest | I30: Nest | K30: [+] env_broad_scale {} | L30: [+] env_local_scale {} | M30: [+] env_medium {} | N30: [+] geo_loc_name {} | O30: [+] gold_biosample_identifiers[1] | P30: Zompopas fungus garden | Q30: nmdc:bsm-11-9b7p0p97 | R30: [+] lat_lon {} | S30: Costa Rica | T30: 45399 | U30: Zompopas fungus garden microbial communities from Puerto Viejo, Costa Rica - 13114.pinto.63.s006 | V30: insect metagenome | W30: 13114.pinto.63.s006 | X30: [+] samp_taxon_id {} | Y30: leafcutter ants fungus garden | Z30: Fungus garden/Fungus gallery | AA30: nmdc:Biosample
A31: 30 | B31: 44652 | C31: [+] associated_studies[1] | D31: [+] collection_date {} | E31: Zompopas fungus garden dump microbial communities from Carara National Park, Costa Rica | F31: Environmental | G31: Terrestrial | H31: Insects nest | I31: Nest | K31: [+] env_broad_scale {} | L31: [+] env_local_scale {} | M31: [+] env_medium {} | N31: [+] geo_loc_name {} | O31: [+] gold_biosample_identifiers[1] | P31: Zompopas fungus garden dump | Q31: nmdc:bsm-11-851ejn28 | R31: [+] lat_lon {} | S31: Costa Rica | T31: 45399 | U31: Zompopas fungus garden dump microbial communities from Carara National Park, Costa Rica - 13114.pinto.63.s017 | V31: insect metagenome | W31: 13114.pinto.63.s017 | X31: [+] samp_taxon_id {} | Y31: leafcutter ants fungus garden dump | Z31: Nest dump | AA31: nmdc:Biosample
A32: 31 | B32: 44652 | C32: [+] associated_studies[1] | D32: [+] collection_date {} | E32: Stingless bee garbage pellet microbial communities from Puerto Viejo, Costa Rica | F32: Environmental | G32: Terrestrial | H32: Insects nest | I32: Nest | K32: [+] env_broad_scale {} | L32: [+] env_local_scale {} | M32: [+] env_medium {} | N32: [+] geo_loc_name {} | O32: [+] gold_biosample_identifiers[1] | P32: Stingless bee garbage pellet | Q32: nmdc:bsm-11-4ga0zr42 | R32: [+] lat_lon {} | S32: Costa Rica | T32: 45399 | U32: Stingless bee garbage pellet microbial communities from Puerto Viejo, Costa Rica - 13114.pinto.63.s025 | V32: insect metagenome | W32: 13114.pinto.63.s025 | X32: [+] samp_taxon_id {} | Y32: Stingless bee garbage pellet | Z32: Nest dump | AA32: nmdc:Biosample
A33: 32 | B33: 44652 | C33: [+] associated_studies[1] | D33: [+] collection_date {} | E33: Brood combs microbial communities from stingless bee nest in Puerto Viejo, Costa Rica | F33: Environmental | G33: Terrestrial | H33: Insects nest | I33: Nest | K33: [+] env_broad_scale {} | L33: [+] env_local_scale {} | M33: [+] env_medium {} | N33: [+] geo_loc_name {} | O33: [+] gold_biosample_identifiers[1] | P33: Brood combs | Q33: nmdc:bsm-11-07pb3642 | R33: [+] lat_lon {} | S33: Costa Rica | T33: 45399 | U33: Brood combs microbial communities from stingless bee nest in Puerto Viejo, Costa Rica - 13114.pinto.63.s027 | V33: insect metagenome | W33: 13114.pinto.63.s027 | X33: [+] samp_taxon_id {} | Y33: brood combs | Z33: Beehive: Brood combs | AA33: nmdc:Biosample
A34: 33 | B34: 44652 | C34: [+] associated_studies[1] | D34: [+] collection_date {} | E34: Fecal microbial communities from southern african bush elephant in Atlanta Zoo, Georgia, USA | F34: Host-associated | G34: Mammals | H34: Large intestine | I34: Digestive system | K34: [+] env_broad_scale {} | L34: [+] env_local_scale {} | M34: [+] env_medium {} | N34: [+] geo_loc_name {} | O34: [+] gold_biosample_identifiers[1] | P34: Fecal | Q34: nmdc:bsm-11-rhtezv89 | R34: [+] lat_lon {} | S34: USA | T34: 45399 | U34: Fecal microbial communities from southern african bush elephant in Atlanta Zoo, Georgia, USA - 13114.song.51.s018 | V34: gut metagenome | W34: 13114.song.51.s018 | X34: [+] samp_taxon_id {} | Y34: animal feces | Z34: Fecal | AA34: nmdc:Biosample | AB34: Loxodonta africana africana | AC34: [+] host_taxid {}
A35: 34 | B35: 44652 | C35: [+] associated_studies[1] | D35: [+] collection_date {} | E35: Fecal microbial communities from radiated tortoise in National Zoo, Maryland, USA | F35: Host-associated | G35: Reptilia | H35: Large intestine | I35: Digestive system | K35: [+] env_broad_scale {} | L35: [+] env_local_scale {} | M35: [+] env_medium {} | N35: [+] geo_loc_name {} | O35: [+] gold_biosample_identifiers[1] | P35: Fecal | Q35: nmdc:bsm-11-1vny2356 | R35: [+] lat_lon {} | S35: USA | T35: 45399 | U35: Fecal microbial communities from radiated tortoise in National Zoo, Maryland, USA - 13114.song.52.s004 | V35: gut metagenome | W35: 13114.song.52.s004 | X35: [+] samp_taxon_id {} | Y35: animal feces | Z35: Fecal | AA35: nmdc:Biosample | AB35: Astrochelys radiata | AC35: [+] host_taxid {}
A36: 35 | B36: 44652 | C36: [+] associated_studies[1] | D36: [+] collection_date {} | E36: Fecal microbial communities from bank vole in forest near Chernobyl, Ukraine | F36: Host-associated | G36: Mammals | H36: Large intestine | I36: Digestive system | K36: [+] env_broad_scale {} | L36: [+] env_local_scale {} | M36: [+] env_medium {} | N36: [+] geo_loc_name {} | O36: [+] gold_biosample_identifiers[1] | P36: Fecal | Q36: nmdc:bsm-11-epmp4x32 | R36: [+] lat_lon {} | S36: Ukraine | T36: 45399 | U36: Fecal microbial communities from bank vole in forest near Chernobyl, Ukraine - 13114.mousseau.88.s028 | V36: gut metagenome | W36: 13114.mousseau.88.s028 | X36: [+] samp_taxon_id {} | Y36: animal feces | Z36: Fecal | AA36: nmdc:Biosample | AB36: Myodes glareolus | AC36: [+] host_taxid {}
A37: 36 | B37: 44652 | C37: [+] associated_studies[1] | D37: [+] collection_date {} | E37: Fecal microbial communities from bank vole in forest near Chernobyl, Ukraine | F37: Host-associated | G37: Mammals | H37: Large intestine | I37: Digestive system | K37: [+] env_broad_scale {} | L37: [+] env_local_scale {} | M37: [+] env_medium {} | N37: [+] geo_loc_name {} | O37: [+] gold_biosample_identifiers[1] | P37: Fecal | Q37: nmdc:bsm-11-g3akej84 | R37: [+] lat_lon {} | S37: Ukraine | T37: 45399 | U37: Fecal microbial communities from bank vole in forest near Chernobyl, Ukraine - 13114.mousseau.88.s065 | V37: gut metagenome | W37: 13114.mousseau.88.s065 | X37: [+] samp_taxon_id {} | Y37: animal feces | Z37: Fecal | AA37: nmdc:Biosample | AB37: Myodes glareolus | AC37: [+] host_taxid {}
A38: 37 | B38: 44652 | C38: [+] associated_studies[1] | D38: [+] collection_date {} | E38: Sponge tissue microbial communities from Davies Reef, Great Barrier Reef, Queensland, Australia | F38: Host-associated | G38: Porifera | H38: Tissue | I38: Sponge | J38: 0 | K38: [+] env_broad_scale {} | L38: [+] env_local_scale {} | M38: [+] env_medium {} | N38: [+] geo_loc_name {} | O38: [+] gold_biosample_identifiers[1] | P38: Sponge tissue | Q38: nmdc:bsm-11-2da77e23 | R38: [+] lat_lon {} | S38: Australia | T38: 45399 | U38: Sponge tissue microbial communities from Davies Reef, Great Barrier Reef, Queensland, Australia - 13114.thomas.18.s015 | V38: sponge metagenome | W38: 13114.thomas.18.s015 | X38: [+] samp_taxon_id {} | Y38: sponge tissue | Z38: Unclassified | AA38: nmdc:Biosample | AB38: Coscinoderma mathewsi | AC38: [+] host_taxid {}
A39: 38 | B39: 44652 | C39: [+] associated_studies[1] | D39: [+] collection_date {} | E39: Sponge tissue microbial communities from Davies Reef, Great Barrier Reef, Queensland, Australia | F39: Host-associated | G39: Porifera | H39: Tissue | I39: Sponge | J39: 0 | K39: [+] env_broad_scale {} | L39: [+] env_local_scale {} | M39: [+] env_medium {} | N39: [+] geo_loc_name {} | O39: [+] gold_biosample_identifiers[1] | P39: Sponge tissue | Q39: nmdc:bsm-11-ht1qr837 | R39: [+] lat_lon {} | S39: Australia | T39: 45399 | U39: Sponge tissue microbial communities from Davies Reef, Great Barrier Reef, Queensland, Australia - 13114.thomas.18.s025 | V39: sponge metagenome | W39: 13114.thomas.18.s025 | X39: [+] samp_taxon_id {} | Y39: sponge tissue | Z39: Unclassified | AA39: nmdc:Biosample | AB39: Pericharax heteroraphis | AC39: [+] host_taxid {}
A40: 39 | B40: 44652 | C40: [+] associated_studies[1] | D40: [+] collection_date {} | E40: Fecal microbial communities from bank vole in forest near Chernobyl, Ukraine | F40: Host-associated | G40: Mammals | H40: Large intestine | I40: Digestive system | K40: [+] env_broad_scale {} | L40: [+] env_local_scale {} | M40: [+] env_medium {} | N40: [+] geo_loc_name {} | O40: [+] gold_biosample_identifiers[1] | P40: Fecal | Q40: nmdc:bsm-11-jrekbs07 | R40: [+] lat_lon {} | S40: Ukraine | T40: 45399 | U40: Fecal microbial communities from bank vole in forest near Chernobyl, Ukraine - 13114.mousseau.88.s003 | V40: gut metagenome | W40: 13114.mousseau.88.s003 | X40: [+] samp_taxon_id {} | Y40: animal feces | Z40: Fecal | AA40: nmdc:Biosample | AB40: Myodes glareolus | AC40: [+] host_taxid {}
A41: 40 | B41: 44652 | C41: [+] associated_studies[1] | D41: [+] collection_date {} | E41: Fecal microbial communities from bank vole in forest near Chernobyl, Ukraine | F41: Host-associated | G41: Mammals | H41: Large intestine | I41: Digestive system | K41: [+] env_broad_scale {} | L41: [+] env_local_scale {} | M41: [+] env_medium {} | N41: [+] geo_loc_name {} | O41: [+] gold_biosample_identifiers[1] | P41: Fecal | Q41: nmdc:bsm-11-8f1zfs86 | R41: [+] lat_lon {} | S41: Ukraine | T41: 45399 | U41: Fecal microbial communities from bank vole in forest near Chernobyl, Ukraine - 13114.mousseau.88.s025 | V41: gut metagenome | W41: 13114.mousseau.88.s025 | X41: [+] samp_taxon_id {} | Y41: animal feces | Z41: Fecal | AA41: nmdc:Biosample | AB41: Myodes glareolus | AC41: [+] host_taxid {}
A42: 41 | B42: 44652 | C42: [+] associated_studies[1] | D42: [+] collection_date {} | E42: Sponge tissue microbial communities from Davies Reef, Great Barrier Reef, Queensland, Australia | F42: Host-associated | G42: Porifera | H42: Tissue | I42: Sponge | J42: 0 | K42: [+] env_broad_scale {} | L42: [+] env_local_scale {} | M42: [+] env_medium {} | N42: [+] geo_loc_name {} | O42: [+] gold_biosample_identifiers[1] | P42: Sponge tissue | Q42: nmdc:bsm-11-8zevcq84 | R42: [+] lat_lon {} | S42: Australia | T42: 45399 | U42: Sponge tissue microbial communities from Davies Reef, Great Barrier Reef, Queensland, Australia - 13114.thomas.18.s043 | V42: sponge metagenome | W42: 13114.thomas.18.s043 | X42: [+] samp_taxon_id {} | Y42: sponge tissue | Z42: Unclassified | AA42: nmdc:Biosample | AB42: Coscinoderma mathewsi | AC42: [+] host_taxid {}
A43: 42 | B43: 44652 | C43: [+] associated_studies[1] | D43: [+] collection_date {} | E43: Fecal microbial communities from bank vole in forest near Chernobyl, Ukraine | F43: Host-associated | G43: Mammals | H43: Large intestine | I43: Digestive system | K43: [+] env_broad_scale {} | L43: [+] env_local_scale {} | M43: [+] env_medium {} | N43: [+] geo_loc_name {} | O43: [+] gold_biosample_identifiers[1] | P43: Fecal | Q43: nmdc:bsm-11-0d2xxc20 | R43: [+] lat_lon {} | S43: Ukraine | T43: 45399 | U43: Fecal microbial communities from bank vole in forest near Chernobyl, Ukraine - 13114.mousseau.88.s106 | V43: gut metagenome | W43: 13114.mousseau.88.s106 | X43: [+] samp_taxon_id {} | Y43: animal feces | Z43: Fecal | AA43: nmdc:Biosample | AB43: Myodes glareolus | AC43: [+] host_taxid {}
A44: 43 | B44: 44652 | C44: [+] associated_studies[1] | D44: [+] collection_date {} | E44: Sponge tissue microbial communities from Davies Reef, Great Barrier Reef, Queensland, Australia | F44: Host-associated | G44: Porifera | H44: Tissue | I44: Sponge | J44: 0 | K44: [+] env_broad_scale {} | L44: [+] env_local_scale {} | M44: [+] env_medium {} | N44: [+] geo_loc_name {} | O44: [+] gold_biosample_identifiers[1] | P44: Sponge tissue | Q44: nmdc:bsm-11-69qw4z81 | R44: [+] lat_lon {} | S44: Australia | T44: 45399 | U44: Sponge tissue microbial communities from Davies Reef, Great Barrier Reef, Queensland, Australia - 13114.thomas.18.s051 | V44: sponge metagenome | W44: 13114.thomas.18.s051 | X44: [+] samp_taxon_id {} | Y44: sponge tissue | Z44: Unclassified | AA44: nmdc:Biosample | AB44: Pericharax heteroraphis | AC44: [+] host_taxid {}
A45: 44 | B45: 44652 | C45: [+] associated_studies[1] | D45: [+] collection_date {} | E45: Sponge tissue microbial communities from Davies Reef, Great Barrier Reef, Queensland, Australia | F45: Host-associated | G45: Porifera | H45: Tissue | I45: Sponge | J45: 0 | K45: [+] env_broad_scale {} | L45: [+] env_local_scale {} | M45: [+] env_medium {} | N45: [+] geo_loc_name {} | O45: [+] gold_biosample_identifiers[1] | P45: Sponge tissue | Q45: nmdc:bsm-11-acjrq541 | R45: [+] lat_lon {} | S45: Australia | T45: 45399 | U45: Sponge tissue microbial communities from Davies Reef, Great Barrier Reef, Queensland, Australia - 13114.thomas.18.s054 | V45: sponge metagenome | W45: 13114.thomas.18.s054 | X45: [+] samp_taxon_id {} | Y45: sponge tissue | Z45: Unclassified | AA45: nmdc:Biosample | AB45: Stylissa flabelliformis | AC45: [+] host_taxid {}
A46: 45 | B46: 44652 | C46: [+] associated_studies[1] | D46: [+] collection_date {} | E46: Fecal microbial communities from humpback whale in Seymour Canal, Alaska, USA | F46: Host-associated | G46: Mammals | H46: Large intestine | I46: Digestive system | J46: 0 | K46: [+] env_broad_scale {} | L46: [+] env_local_scale {} | M46: [+] env_medium {} | N46: [+] geo_loc_name {} | O46: [+] gold_biosample_identifiers[1] | P46: Fecal | Q46: nmdc:bsm-11-xftvkt77 | R46: [+] lat_lon {} | S46: USA | T46: 45399 | U46: Fecal microbial communities from humpback whale in Seymour Canal, Alaska, USA - 13114.girguis.50.s008 | V46: gut metagenome | W46: 13114.girguis.50.s008 | X46: [+] samp_taxon_id {} | Y46: animal feces | Z46: Fecal | AA46: nmdc:Biosample | AB46: Megaptera novaeangliae | AC46: [+] host_taxid {}
A47: 46 | B47: 44652 | C47: [+] associated_studies[1] | D47: [+] collection_date {} | E47: Sludge microbial communities from Ithaca, New York, USA | F47: Engineered | G47: Bioreactor | H47: Sludge | I47: Anaerobic | K47: [+] env_broad_scale {} | L47: [+] env_local_scale {} | M47: [+] env_medium {} | N47: [+] geo_loc_name {} | O47: [+] gold_biosample_identifiers[1] | P47: Sludge | Q47: nmdc:bsm-11-j5nvnf53 | R47: [+] lat_lon {} | S47: USA | T47: 45399 | U47: Sludge microbial communities from Ithaca, New York, USA - 13114.angenent.65.s007 | V47: bioreactor metagenome | W47: 13114.angenent.65.s007 | X47: [+] samp_taxon_id {} | Y47: anaerobic sludge | Z47: Unclassified | AA47: nmdc:Biosample
A48: 47 | B48: 44652 | C48: [+] associated_studies[1] | D48: [+] collection_date {} | E48: Shipworm feces microbial communities from Massachusetts Bay, MA, USA | F48: Host-associated | G48: Mollusca | H48: Gut | I48: Digestive system | K48: [+] env_broad_scale {} | L48: [+] env_local_scale {} | M48: [+] env_medium {} | N48: [+] geo_loc_name {} | O48: [+] gold_biosample_identifiers[1] | P48: Shipworm feces | Q48: nmdc:bsm-11-vmjx9x73 | R48: [+] lat_lon {} | S48: USA | T48: 45399 | U48: Shipworm feces microbial communities from Massachusetts Bay, MA, USA - 13114.distel.72.s012 | V48: mollusc metagenome | W48: 13114.distel.72.s012 | X48: [+] samp_taxon_id {} | Y48: shipworm feces | Z48: Unclassified | AA48: nmdc:Biosample | AB48: Lyrodus pedicellatus | AC48: [+] host_taxid {}
